word,translation
orderly,adj.有条理的
region,n.区域
federal,adj.联邦的
lack,n.缺乏，不足
objective,n.目的，目标
hut,n.棚屋
wholesome,adj.有益健康的
expression,n.表达
banner,n.横幅
entail,v.牵涉
stalk,v.跟踪
fertilizer,n.肥料
rip,v.撕裂
adjust,v.适应
friendly,adj.友好的
sun,n.太阳
charge,n.费用
communication,n.交流，沟通
shoe,n.鞋
magnet,n.磁铁
hesitate,v.犹豫，迟疑，顾虑
rubber,n.橡胶
boom,n.繁荣
for,prep.对
lawsuit,n.诉讼
spot,n.斑点
friend,n.朋友
fair,adj.合理的
sword,n.剑
grieve,v.感到悲痛
physics,n.物理学
neat,adj.整洁的
genre,n.（文学、艺术作品的）体裁，类型
throat,n.咽喉，喉咙
confirm,v.证实，确认
wheel,n.车轮，轮子
palace,n.宫殿
distress,n.忧虑
construct,v.建造
bad,adj.坏的
mushroom,n.蘑菇
nuclear,adj.原子核的，核能的
recruit,v.招募
turbulent,adj.动荡的，混乱的
enforce,v.强制执行
campaign,n.战役
primary,adj.首要的
nature,n.自然
Easter,n.复活节
currency,n.通货，货币
or,conj.或者
recipient,n.接受者
passport,n.护照
possibility,n.可能性
refuge,n.避难所，保护区
water,n.水，水域，水面，海域
successful,adj.成功的
weird,adj.奇异的，怪诞的，诡异的
endorse,v.公开支持
galaxy,n.星系
excellent,adj.优秀的，极好的
calm,adj.镇静的
bat,n.球拍，球棒
mischief,n.恶作剧
slip,v.滑倒
guilt,n.内疚
handwriting,n.笔迹，书法
temperature,n.温度，气温
sensitive,adj.体贴的
employee,n.雇员
legitimate,adj.合法的，正当的
shorthand,n.速记法
ought to,phrase.应该
pants,n.长裤
dissipate,v.消散
ore,n.矿石，矿砂
way,n.方法
corrode,v.腐蚀，侵蚀
rival,n.竞争者，对手
trouble,n.问题
symposium,n.专题讨论会，研讨会
much,adv.非常，很
desolate,adj.荒无人烟的
idiom,n.习语，成语
weak,adj.虚弱的
ticket,n.票，券
porter,n.搬运工人
detain,v.扣留，拘押
Saturday,n.星期六
then,adv.当时，到那时
chip,n.芯片
lay,v.放置
liable,adj.可能做…的
dam,n.水坝，堤坝
hybrid,n.杂交动物或植物
employment,n.职业
formulate,v.制定计划
circle,n.圆，圆形
brick,n.砖块
generator,n.发电机
turbine,n.涡轮机
determine,v.决心
rarely,adv.很少
gesture,n.手势
deal,v.处理
subsidy,n.补贴，津贴
leadership,n.领导地位
born,adj.天生的
brush,n.刷子
credit,n.信用
whirl,v.旋转，打转
thorough,adj.彻底的，全面的
beyond,adv.在另一边
saddle,n.马鞍
hydrogen,n.氢
poor,adj.贫穷的
adjective,n.形容词
bucket,n.桶
plane,adj.平的，平坦的
banana,n.香蕉
northeast,adj.东北部的，向东北的
worse,adj.更坏的，更糟的
sway,v.摇摆，摇动
youth,n.青年时期
impact,n.显著影响
raid,n.突袭
gasp,v.喘息，倒吸气
member,n.成员，会员，…的一分子
fancy,v.想要
commission,v.正式委托
ignore,v.不理睬，忽视
witness,n.目击者
hug,n.拥抱
lot,pron.许多
provoke,v.引起
dirt,n.污垢
alliance,n.联盟
wash,v.洗涤
musician,n.音乐家
squeeze,v.挤压，捏
dew,n.露水
notwithstanding,prep.虽然，尽管
district,n.地区
yesterday,adv.在昨天
trousers,n.裤子，长裤
default,v.违约，不履行
damp,adj.有湿气的，潮湿的
area,n.地区
motion,n.运动，移动
theater,n.剧院
defeat,v.挫败，使落空
infrared,n.红外线
misfortune,n.不幸，灾祸
vein,n.静脉
portrait,n.肖像
upward,adj.向上的
limitation,n.限制
humiliate,v.使蒙羞，使丢脸
device,n.仪器，设备
fridge,n.冰箱
badminton,n.羽毛球
invert,v.颠倒，倒置，倒转
both,det.双方
duty,n.责任
ingredient,n.成分
cherry,n.樱桃
dairy,adj.牛奶的，奶制的
outlook,n.世界观，观点
pot,n.锅，罐，瓶，壶
coast,n.海岸，海滨
result,n.结果
elementary,adj.最基础的
nonetheless,adv.尽管如此，依然
glide,v.滑翔，滑动，滑行
fundamental,adj.基础的
sometimes,adv.有时
formula,n.公式
abide,v.忍受
petty,adj.琐碎的
deliberate,adj.故意的
meal,n.一顿饭
comprehend,v.理解
suck,v.吮吸，吸食
toll,n.伤亡人数
height,n.身高
paradise,n.天堂
bug,n.小虫子
up-to-date,adj.最新的，新式的
abrupt,adj.突然的，意外的
honey,n.蜂蜜
mass,n.团，块
trifle,n.小事
disposal,n.丢弃
epic,n.史诗
industrial,adj.工业的
begin,v.开始
examine,v.审查
fascinate,v.深深吸引，使着迷
pebble,n.鹅卵石
versus,prep.与…相比
few,adj.很少，几个
property,n.所有物，财产
wrench,v.猛扭
sandwich,n.三明治
despise,v.轻视，蔑视
voyage,n.航行，航海，航天
length,n.长度
assume,v.假设，认为
pink,adj.粉红色的
autonomy,n.自治
drone,n.无人机
quiet,adj.安静的
obstruct,v.阻挡，阻塞
headquarters,n.司令部，指挥部
tactic,n.策略，手段
relativity,n.相对性
inspect,v.检查，审视
rape,v.强奸
powder,n.粉末
hysterical,adj.歇斯底里的
misery,n.痛苦，苦难，不幸
consume,v.消耗
auto,n.汽车
profitable,adj.盈利的
tanker,n.油罐车，油轮
floor,n.地板，地面
layman,n.普通信徒
snake,n.蛇
coal,n.煤，木炭
custody,n.监护权
quit,v.离开
goodness,n.善良，美德
farewell,int.再会，别了
persevere,v.坚持不懈，孜孜不倦
bench,n.长椅
prince,n.王子
multiple,adj.许多的，多种多样的
saving,n.节约
stuff,n.物品
induce,v.导致，引起
skeptical,adj.持怀疑态度的，不相信的
constitute,v.被算作
and,conj.和，与
ornament,n.装饰品
garment,n.衣服
ape,n.猿
imagine,v.猜测
representative,n.代表，代理人
pack,v.收拾行李
nobody,n.小人物，无名小卒
fuse,v.融合
heel,n.脚后跟
warn,v.警告，提醒
roll,n.卷，卷轴
climb,v.攀登
precedent,n.前例，范例
valve,n.阀门
overtime,n.加班
holder,n.持有者
novelty,n.新颖
restless,adj.坐立不安的
straight,adv.笔直地
isle,n.小岛
response,n.回答，答复
peace,n.和平
biology,n.生物学
abandon,v.抛弃
audience,n.观众，听众，读者
form,n.种类
notebook,n.笔记本
violent,adj.暴力的
exempt,adj.豁免的
department,n.部门，系，处，司
ordinary,adj.普通的，平常的，平凡的
portion,n.部分
tilt,v.倾斜
western,adj.西方的
weather,n.天气，气象
rein,n.缰绳
scholarship,n.奖学金
lover,n.情人
lid,n.盖子
supervise,v.监督
virgin,n.处女，童男
extra,adj.额外的
house,n.房屋
refresh,v.恢复精力
diverse,adj.不同的，多种多样的
every,det.每个
dump,v.丢弃
miniature,n.微型画
linguistic,adj.语言学的
shoot,v.射杀
justify,v.证明…正确
swan,n.天鹅
couch,n.长沙发
facilitate,v.促进
career,n.职业
village,n.村子，乡村
elastic,adj.有弹性的
method,n.方法，办法
indicative,adj.表明的，暗示的
financial,adj.财政的
appetite,n.食欲
previous,adj.先前的，上一个的
silence,n.沉默
discourse,n.演讲
leaflet,n.宣传册，传单
historian,n.历史学家
joint,adj.联合的，共同的
section,n.部分
differ,v.不同，相异
passage,n.通道
outward,adj.表面的
peak,n.山峰
celebrity,n.名人
improve,v.改善，提高
harbor,n.海港
surge,n.（感情的）突发
lend,v.借出
sudden,adj.突然的，意外的
city,n.城市，都市
canoe,n.独木舟
pat,v.轻拍，轻抚
evolution,n.进化
edge,n.边缘
dare,n.挑战，激将
still,adj.静止的
away,adv.离开
line,n.线
tackle,v.处理
hardware,n.硬件
aunt,n.阿姨，姑妈，伯母，舅妈
day,n.一天
ban,v.禁止，取缔
reservation,n.预订
harassment,n.骚扰，侵扰
onion,n.洋葱，葱头
disguise,v.伪装
verbal,adj.口头的
noble,adj.高尚的
mixture,n.混合
economic,adj.经济的
distinguish,v.辨别，分清
prior,adj.先前的
stern,adj.严厉的
jug,n.壶，罐
behavior,n.行为，举止
chronic,adj.慢性的
mystery,n.谜
greet,v.打招呼
tropical,adj.热带的
release,v.释放
succeed,v.成功
gently,adv.温柔地，温和地
mate,n.配偶
skillful,adj.技术好的
hero,n.男主人公
constituent,n.成分
novel,n.长篇小说
collapse,v.坍塌
after,prep.在…以后
stagnant,adj.不流动的
heat,n.热
amuse,v.逗笑
satisfy,v.使满意
contempt,n.轻视，轻蔑
considerate,adj.考虑周到的，体贴的
husband,n.丈夫
anyway,adv.反正
mutual,adj.共同的，共有的
finite,adj.有限的
feminine,adj.女性的
input,n.输入
thereby,adv.因此，从而
amend,v.修改，修正
gum,n.口香糖
forward,adj.向前的
historic,adj.有重大历史意义的
cafeteria,n.自助餐厅
winter,n.冬天
correspondence,n.通信联系
resort,v.向…求助，诉诸
accelerate,v.增长
sprinkle,v.洒
sick,adj.生病的
shove,v.猛推
snatch,v.一把抓起
align,v.成一直线
thereafter,adv.此后，以后
display,v.陈列
either,det.（两者之中）任何一个，每个
ward,n.病房
article,n.文章
coincide,v.同时发生
cruise,n.航行
hatred,n.憎恨，厌恶
seat,n.座位
reel,n.卷筒
crisis,n.危急时刻
directory,n.目录，名录
coat,n.外套
blackboard,n.黑板
anguish,n.极度痛苦
intrigue,v.激起…的兴趣
stale,adj.不新鲜的
multitude,n.众多，大量
November,n.十一月
soul,n.灵魂
only,adj.仅有的，唯一的
converge,v.聚集
latter,adj.后者的
yourself,pron.你自己
negotiate,v.谈判，洽谈
ebb,v.退潮
deplete,v.耗尽，大量减少
single,adj.单个的
invoke,v.援引
bee,n.蜜蜂
erect,v.建造
murder,n.谋杀，凶杀
web,n.网，网状物
correlate,v.相互关联
elevator,n.电梯
teach,v.教，教导
buffer,n.缓冲物
sting,v.蜇
initial,adj.最初的，开始的
patriotic,adj.爱国的
gymnasium,n.体育馆，健身房
mechanism,n.机械装置
chicken,n.鸡
review,n.审查
tag,n.标签
welcome,adj.受欢迎的
obstruction,n.阻挡，阻碍
prosecute,v.起诉
persist,v.坚持
take,v.取，拿
impossible,adj.不可能的
garlic,n.大蒜
secret,adj.秘密的
mostly,adv.几乎全部地，主要地，通常
formal,adj.正式的
coalition,n.联合
redeem,v.弥补
persuade,v.劝说
appreciate,v.欣赏
copy,n.复印件，复制品
toxic,adj.有毒的
modest,adj.谦虚的
tub,n.浴缸
profound,adj.深远的
botany,n.植物学
log,v.记录
guest,n.客人
observation,n.观察，观测
tight,adj.紧的
trigger,n.起因，诱因
whoever,pron.任何人
sister,adj.同类型的，如同姐妹的
eliminate,v.消除
cargo,n.货物
relieve,v.减轻
driver,n.司机
geometry,n.几何学
ethnic,adj.种族的
native,adj.本土的
sell,v.出售
museum,n.博物馆
framework,n.框架，结构
combination,n.结合体
judge,v.评价
child,n.儿童
rib,n.肋骨
hail,v.赞扬
recognize,v.认出
intimate,adj.亲密的
as,conj.在…同时
approximate,adj.大约的，近似的
ensure,v.保证，确保
lifetime,n.一生
victim,n.受害者，遭难者
beer,n.啤酒
concern,v.影响，涉及
eight,num.八
dome,n.穹顶
rule,n.规章
pronounce,v.发音
sailor,n.水手，海员
lie,v.躺，卧
convict,v.定罪，宣判有罪
creative,adj.创造性的
cooperate,v.合作
supplement,v.补充，增补
disgust,n.反感，厌恶
influence,n.影响
organism,n.有机体，生物
prize,n.奖品，奖金
snow,n.雪
metaphor,n.隐喻
anecdote,n.轶事
lazy,adj.懒惰的
warmth,n.热情，友好
expense,n.花费，开支
consolidate,v.巩固，加强
feed,v.喂养
dot,n.点，小圆点
directly,adv.直接地
fold,v.折叠
man,n.男人
rack,n.架子，支架
pint,n.品脱
lest,conj.以免，唯恐
family,n.家庭
hurricane,n.飓风
decent,adj.出色的
oath,n.宣誓，誓言
civilize,v.使文明，教化
justice,n.公正，公平
man,n.男人
rack,n.架子，支架
pint,n.品脱
lest,conj.以免，唯恐
family,n.家庭
hurricane,n.飓风
decent,adj.出色的
oath,n.宣誓，誓言
civilize,v.使文明，教化
justice,n.公正，公平
bowl,n.碗
politics,n.政治（学）
pharmacy,n.药房
expedition,n.探险
complain,v.抱怨，发牢骚
believe,v.相信
miss,v.未击中
exclude,v.把…排斥在外
strategy,n.策略
luck,n.运气，好运，侥幸
threat,n.威胁
cap,v.用…覆盖顶部
lumber,v.缓慢移动
headline,n.标题
ferry,n.渡船
helmet,n.头盔，防护帽
furthermore,adv.而且，此外
exception,n.例外
gun,n.枪
mailman,n.邮递员
cliff,n.悬崖，峭壁
sausage,n.香肠，腊肠
contemplate,v.思考，考虑
backward,adj.向后的
tug,v.拉，拖，拽
forthcoming,adj.即将到来的
defer,v.推迟，延迟
general,adj.普遍的
rude,adj.粗鲁的
clear,adj.明确的
esteem,n.尊敬，敬重
torment,n.痛苦，折磨
surrender,v.投降
tariff,n.关税
incidentally,adv.附带地，偶然地
altogether,adv.完全
scissors,n.剪刀
escalate,v.逐步扩大
shell,n.壳
prisoner,n.囚犯
fist,n.拳头
it,pron.它
broker,n.经纪人
editor,n.编辑
format,n.版式
better,adj.更好的
alien,n.外国人
bloom,v.开花
harden,v.使硬化
stool,n.凳子
assimilate,v.吸收
uphold,v.支持，维护
sort,n.种类
insulate,v.使隔热，使隔音，使绝缘
honest,adj.诚实的
alive,adj.活着的
quarter,n.四分之一
tidy,adj.整洁的
dull,adj.枯燥的
lovely,adj.可爱的，美丽的
zoom,v.快速移动
excess,n.过量
electric,adj.电动的
senator,n.参议员
trench,n.沟渠
administer,v.管理
thrill,v.使非常兴奋，感到激动
nowhere,adv.任何地方都不，无处
civil,adj.公民的
cement,n.水泥
cardinal,adj.基本的，最重要的
salad,n.沙拉
solitary,adj.单独的
doorway,n.门口
glamour,n.魅力，诱惑力
tractor,n.拖拉机
unit,n.单位
terrific,adj.极好的
species,n.物种
commend,v.公开称赞
hurl,v.用力投掷
tense,adj.紧张的
equality,n.平等
fee,n.费用
again,adv.再次
preparation,n.准备
president,n.总统，主席
type,n.类型
independent,adj.独立的
diminish,v.减少，缩减
sweep,v.打扫
negative,adj.坏的，有害的
glass,n.玻璃
specialize,v.专门研究，专门从事
fact,n.现实
moist,adj.潮湿的，湿润的
gift,n.礼物
wrong,adj.错误的
digital,adj.数字的，数码的
athlete,n.运动员
piano,n.钢琴
Latin,adj.拉丁语的
request,n.请求
arrival,n.抵达
twin,adj.孪生之一的
eat,v.吃
lodge,v.正式提出
guarantee,n.保证
girl,n.女孩
bark,v.吠叫
evoke,v.唤起
between,prep.在…之间
shelf,n.架子
terminate,v.结束，终止
cruel,adj.残酷的
superficial,adj.肤浅的
boast,v.自夸
orient,v.使适应
kitchen,n.厨房
butcher,n.屠夫
unanimous,adj.一致通过的
train,n.火车，列车
vegetable,n.蔬菜
recipe,n.食谱
second,ord.第二
revenue,n.（财政）收入
often,adv.经常，通常
typhoon,n.台风
abstract,adj.抽象（派）的
three,num.三
substantial,adj.大量的
isolate,v.使隔离
sensible,adj.明智的
must,mod. v.必须，一定，应该
barrel,n.桶
stage,n.时期
renaissance,n.文艺复兴
stop,v.停止
derive,v.源自，来源于
tool,n.工具
zip,n.拉链
throughout,prep.遍及
republic,n.共和国
suicide,n.自杀
network,n.网络
velocity,n.速度，速率
freight,v.运送
clinic,n.诊所
than,conj.比
correspond,v.相符，一致
prototype,n.原型
hopeful,adj.有希望的，乐观的
ambulance,n.救护车
population,n.人口
playground,n.游戏场
consequently,adv.因此，所以
amiable,adj.和蔼可亲的，友好的
acquaint,v.使熟悉
parade,v.游行
puzzle,n.谜
postpone,v.推迟，延期
lose,v.输掉
agreeable,adj.宜人的
preliminary,adj.初步的
ox,n.公牛
equal,adj.相同的
fog,n.雾
bubble,n.气泡
solar,adj.太阳的
split,v.分裂
so,adv.这样
hazard,n.危险，危害，隐患
also,adv.也，同样
though,adv.然而，不过
lane,n.小路
manner,n.方式
corporation,n.公司
exam,n.考试
even,adv.甚至
rhetoric,n.花言巧语
donkey,n.驴
theoretical,adj.理论的
effort,n.努力
empire,n.帝国
leather,n.皮革
ignorance,n.无知，愚昧
systematic,adj.系统的，成体系的，有条理的
renew,v.重新开始
beard,n.胡须，络腮胡子
broad,adj.宽阔的
freelance,adj.自由职业的
mobile,adj.可移动的
shampoo,n.洗发水
concession,n.让步
organic,adj.有机的
interfere,v.干涉，介入
relation,n.关联，关系
greedy,adj.贪婪的
punctual,adj.准时的
near,adj.距离近的
silicon,n.硅
distill,v.蒸馏
cancel,v.取消
chemical,adj.化学的
zoo,n.动物园
slippery,adj.滑的
illiterate,adj.不会读写的，文盲的
brevity,n.简洁
blue,adj.蓝色的
wind,n.风
greeting,n.问候，招呼，祝词
inward,adj.内心的
lightning,n.闪电
porch,n.门廊
surgeon,n.外科医生
bang,v.猛击
aircraft,n.航空器，飞机
relay,v.转发
contract,n.合同，契约
shall,mod. v.将要
adapt,v.（使）适应
ride,v.乘坐
statue,n.雕像，塑像
agent,n.代理人
chamber,n.议院
burst,v.爆裂
rubbish,n.瞎说
behind,adv.在（或向）后面
humorous,adj.滑稽有趣的，幽默的
quilt,n.被子
moan,v.呻吟
shine,n.光亮，光泽
deep,adj.深的
beautiful,adj.美丽的
fashionable,adj.时髦的
dentist,n.牙医
wing,n.翅膀
cluster,v.群聚，聚集
waitress,n.女侍者，女服务员
handkerchief,n.手帕，纸巾
revelation,n.披露
ago,adv.以前
baggage,n.行李
bud,n.芽，花苞
memorial,n.纪念碑
commemorate,v.纪念
opening,n.开幕式
occupation,n.职业
cognitive,adj.认知的，认识的，有感知能力的
brain,n.脑
zigzag,n.之字形
citizen,n.公民
handful,n.一把 (的量)
soft,adj.柔软的
increase,n.增加，增长
recent,adj.近来的，新近的
clever,adj.聪明的
firm,adj.硬的
bus,n.公共汽车
system,n.系统
architect,n.建筑师
abnormal,adj.反常的
need,v.需要，必需
paperback,n.平装书
duration,n.持续时间
wall,n.墙，围墙
separate,adj.独立的，分开的
verge,n.边缘
soup,n.汤，羹
critical,adj.批判的
testify,v.（出庭）作证
undergraduate,adj.大学本科生的
airport,n.机场
incentive,n.激励，刺激
dusk,n.黄昏
facet,n.方面
humidity,n.潮湿
station,n.车站
positive,adj.积极的
like,prep.像，类似
compensate,v.补偿，赔偿
buzz,n.嗡嗡声
scale,n.规模
enterprise,n.企业
crow,n.乌鸦
out,adv.出来
clap,v.鼓掌
obtain,v.得到
slump,v.猛跌
lapse,n.过失，疏忽
cook,n.厨师
following,adj.接着的
instead,adv.作为代替，反而
spear,n.矛，枪
empathy,n.共鸣，同情
describe,v.描述，形容
platform,n.平台
pronoun,n.代词
scout,v.侦察
airline,n.航空公司
regret,n.遗憾，懊悔
task,n.工作，任务
pace,n.速度
weekly,adj.每周的
academic,adj.学术的
proper,adj.恰当的
want,v.想，想要
domain,n.领域
witch,n.女巫，巫婆
pump,n.泵，抽水机
south,adj.南方的，向南的
genetic,adj.基因的，遗传的
plot,n.阴谋
sheet,n.床单
ball,n.球
reflection,n.反射
solve,v.解决
joy,n.愉悦
preserve,v.保护
stroke,n.中风
liberty,n.自由
occasion,n.时机
eagle,n.鹰，雕
parachute,n.降落伞
refugee,n.难民
symmetry,n.对称
orthodox,adj.正统的
unexpected,adj.出乎意料的，意想不到的
premium,n.保险费
carry,v.携带
summit,n.最高点，顶峰
pie,n.馅饼，派
flock,n.群
on,prep.在…上
hijack,v.劫持
opera,n.歌剧
toy,n.玩具，玩物
survive,v.存活
reduce,v.减少
nursery,n.托儿所
fraction,n.少量
Christmas,n.圣诞节
designate,v.指定
fortunate,adj.幸运的
fork,n.叉，耙
appal,v.使惊骇
cumulative,adj.聚积的，积累的
research,n.研究
earthquake,n.地震
fashion,n.时尚
living,adj.活的
seventeen,num.十七
everyday,adj.每天的
room,n.房间
clasp,n.搭扣
storm,n.暴风雨
transaction,n.交易，业务
highway,n.公路，干线
mail,n.邮件
documentary,n.纪录片
product,n.产品
crab,n.螃蟹
maiden,n.少女，处女，未婚女子
beginning,n.开头
rod,n.杆，棒，棍
waiter,n.男侍者，男服务员
drought,n.干旱
sale,n.销售（量）
mean,adj.吝啬的
approach,v.靠近
ritual,n.仪式，典礼
regulate,v.管理
uniform,n.制服
fertile,adj.肥沃的
conception,n.构思
harmony,n.和谐
maid,n.女仆
vocabulary,n.词汇
gut,n.直觉
fur,n.毛皮
fax,n.传真
destroy,v.毁坏，摧毁
freedom,n.自由
detach,v.拆卸
replace,v.代替
spite,n.恶意，怨恨
matter,n.问题
cemetery,n.墓地，公墓
arch,v.拱起
manual,adj.手工的，体力的
before,adv.以前，已经
always,adv.总是
classical,adj.经典的
thesis,n.论文，学位论文
tube,n.管子
holiday,n.假日，假期
speech,n.演说
square,adj.正方形的
wear,n.衣着
friendship,n.友谊
cunning,adj.狡猾的
rash,adj.鲁莽的
knowledge,n.知识
special,adj.特殊的
broadcast,n.广播节目，电视节目
reap,v.获得
anyone,pron.任何人
ambition,n.野心
innovation,n.革新
front,adj.前面的
pencil,n.铅笔
choose,v.选择
entertain,v.款待
manipulate,v.操纵
unload,v.卸下
remark,n.评论
advantage,n.优势，有利条件
household,n.家庭，一家人
blunder,v.犯愚蠢的错误
harvest,n.收获，收割
smuggle,v.偷运，走私
pendulum,n.钟摆
lawyer,n.律师
tap,v.轻拍
swear,v.发誓，郑重承诺
laundry,n.洗衣房
avert,v.防止，避免
mother,n.母亲
chef,n.厨师，主厨
flare,v.烧旺
shot,n.射击
aural,adj.听觉的
estate,n.庄园
doll,n.洋娃娃
fail,v.失败
dangerous,adj.有危险的，引起危险的
plural,n.复数
output,n.产量，输出量
accord,v.赋予
find,v.发现
dust,n.尘土
partner,n.合伙人
trend,n.倾向，趋势
elaborate,adj.复杂的，详尽的
compartment,n.车厢
attempt,n.尝试，试图
consider,v.认为
circumference,n.圆周，周长
bake,v.烤，烘焙
timid,adj.羞怯的，胆怯的
antenna,n.触角，触须
prestige,n.声望
necklace,n.项圈，项链
along,adv.向前
heroine,n.女英雄
ruthless,adj.残酷的
concede,v.承认
middle,adj.中间的
brother,n.兄弟
ambassador,n.大使
sense,n.感觉
expire,v.失效
predominant,adj.显著的
mental,adj.智力的
gap,n.缺口
argument,n.争辩
vest,n.背心，汗衫，马甲
tone,n.语气
vacuum,n.空虚，空白
huddle,v.挤在一起
encourage,v.鼓励
harsh,adj.残酷的
poet,n.诗人
hill,n.小山
natural,adj.自然的
culminate,v.以…告终
suggestion,n.建议
instruct,v.指示，吩咐
spirit,n.精神
shallow,adj.浅的
evaluate,v.评价，评估
attend,v.出席
electronic,adj.电子的
transplant,v.移植
bag,n.袋子
smell,n.气味
probability,n.可能性
prospective,adj.有可能的，潜在的
nose,n.鼻子
pride,n.自豪
imitate,v.模仿，仿效
industry,n.工业
temple,n.庙宇，寺院
crawl,v.爬行
rhythm,n.韵律，节奏
deposit,v.放置
revolutionary,adj.革命的，革新的
table,n.桌子
risk,n.危险
ship,n.大船，舰
legacy,n.遗产，遗物
confess,v.承认，坦白
vegetation,n.植物，草木
subsequent,adj.随后的
brief,adj.简洁的
bid,v.出价
tray,n.盘，碟，托盘
mourn,v.悲伤，哀悼
scene,n.现场
vanish,v.消失
qualify,v.有资格
stewardess,n.女乘务员
prey,n.猎物
polish,v.擦亮
odor,n.（尤指难闻的）气味
polar,adj.两极的
bow,v.鞠躬
ridiculous,adj.荒谬的，可笑的
episode,n.一段经历
crew,n.(全体) 船员，机组人员
inventory,n.库存
feedback,n.反馈
despatch,v.派遣
everyone,pron.人人，所有人，每人
deceive,v.欺骗，蒙骗，误导
situate,v.使坐落于，使处于
consequence,n.结果，后果
law,n.法律，法规
data,n.数据，资料
orchard,n.果园
specific,adj.确切的
blade,n.刀片
basement,n.地下室
lucky,adj.幸运的，吉祥的
volleyball,n.排球
curtain,n.窗帘
colonial,adj.殖民地的
pamphlet,n.小册子
simplicity,n.简单
truth,n.真相
slipper,n.拖鞋
minus,prep.减去
revive,v.（使）苏醒，复活
hinge,n.铰链，合叶
malignant,adj.恶毒的
stall,v.停顿
community,n.社区
laptop,n.笔记本电脑
inject,v.注射
breathe,v.呼吸
wedge,n.楔子
apology,n.道歉
upon,prep.在…之上
severe,adj.严重的
assert,v.断言
fragrant,adj.香的，芳香的
favor,n.帮助
pollution,n.污染（物）
propose,v.提出，提议
intrude,v.侵入，闯入
exceed,v.超过
wink,v.眨眼
disaster,n.灾难
tease,v.戏弄，取笑
cushion,n.垫子
frustrate,v.使沮丧
paint,n.油漆
wet,adj.潮湿的
storey,n.楼层
rainbow,n.彩虹
fond,adj.喜爱的
suffice,v.足够
journalist,n.记者，新闻工作者
defend,v.防御
undoubtedly,adv.毫无疑问地
well,adv.好
occupy,v.占据
bridge,n.桥梁
accessory,n.附件
prayer,n.祈祷
outset,n.开始，开端
hard,adj.坚硬的
wood,n.木头，木料
attract,v.吸引
dress,n.连衣裙
seem,v.似乎
lubricate,v.使润滑
exemplify,v.举例说明
chess,n.国际象棋
act,n.行为
prison,n.监狱
embody,v.具体表现，体现
serious,adj.严重的
unemployment,n.失业人数
synthesis,n.综合，综合体
o'clock,adv.…点钟
during,prep.在…期间
rare,adj.稀有的
bull,n.公牛
addict,n.瘾君子
conduct,v.执行
deviate,v.偏离，背离
centre,n.中心，中央
civilian,adj.平民的
understand,v.理解
demographic,adj.人口的
acid,adj.酸味的
cheer,n.欢呼声
experience,n.经历
dorm,n.宿舍
resist,v.抵抗
private,adj.私人的
author,n.作者，作家
persecute,v.迫害
suspend,v.悬，挂
universal,adj.普遍的，全体的，共同的
hollow,adj.中空的
commute,v.通勤
exclusive,adj.独占的
waterfall,n.瀑布
panel,n.专题讨论小组
overlook,v.忽略
pity,n.怜悯
Friday,n.星期五
stability,n.稳定
go,v.去，出发
despair,n.绝望
free,adj.自由的
digest,v.消化
produce,v.制作
too,adv.过于
resistant,adj.抵制的
ballot,n.无记名投票
offensive,adj.无礼的，攻击性的
aim,n.目标，目的
comply,v.遵从，服从
slum,n.贫民窟
place,n.地点
presence,n.出席，在场
tough,adj.艰苦的
production,n.生产
role,n.作用
promise,v.承诺
painful,adj.疼痛的
alter,v.改变
ink,n.墨水，墨汁
tune,v.调音
discrete,adj.分离的，互不相连的
adolescent,adj.青春期的
simplify,v.简化
beast,n.野兽
cheese,n.奶酪
garbage,n.垃圾
choke,v.窒息
divide,v.分割
gain,n.增加
plentiful,adj.大量的，充足的
park,n.公园
briefcase,n.公文包
library,n.图书馆
international,adj.国际的
gauge,v.判断
generation,n.一代，一辈
rag,n.破布，抹布
reader,n.读者
foul,adj.污秽的
probable,adj.很可能的
necessitate,v.迫使，使成为必要
salvation,n.拯救
watt,n.瓦，瓦特
low,adj.低的
live,v.居住
there,adv.在那里，到那里
soon,adv.很快
instance,n.事例，例子
endurance,n.耐久
brass,n.黄铜
hasty,adj.匆忙的，仓促的
sometime,adv.在某个时候
plague,n.瘟疫
henceforth,adv.从今以后，从现在起
portfolio,n.文件夹
sleep,n.睡觉
atom,n.原子
no,int.不，没有，不是
vague,adj.模糊的，不明确的
hamburger,n.汉堡包
interpret,v.解释，说明
grease,n.油脂
frown,v.皱眉
astronomy,n.天文学
stationary,adj.静止的
uncle,n.叔叔，伯伯，舅舅，姑父，姨父
dignity,n.尊严，尊敬
stamp,n.邮票
young,adj.幼小的
crush,v.挤压
lift,v.抬起
launch,v.发起
bride,n.新娘
blanket,n.毛毯，毯子
devise,v.设计，发明，想出
casualty,n.伤亡人员
upright,adj.挺直的
define,v.下定义
amid,prep.在…过程中
lame,adj.跛的
decide,v.决定
discern,v.察觉出
composite,n.合成物，混合物
possess,v.具有
erupt,v.（火山）爆发
support,n.支持
warranty,n.保修单
collect,v.收集
ankle,n.踝，踝关节
bone,n.骨头
festival,n.节日
extinguish,v.扑灭
technician,n.技术员，专家
cordial,adj.热情友好的
inverse,adj.相反的，反向的
degenerate,v.退化，堕落，恶化
colonel,n.上校
fit,v.适合
locomotive,n.机车，火车头
faith,n.信心
skip,v.略过
analyse,v.分析
remarkable,adj.非凡的，引人注目的
emergency,n.紧急情况
modern,adj.现代的
heal,v.治愈
quite,adv.很，相当
startle,v.惊吓
admission,n.准入
tennis,n.网球
ours,pron.我们的
invent,v.发明，创造
slave,n.奴隶
manufacture,v.生产
pension,n.养老金
summer,n.夏季
call,v.称呼
basin,n.盆
average,adj.平均的
tiger,n.老虎
strive,v.努力，奋斗，力求
owner,n.主人，物主
redundant,adj.被裁减的
peer,n.同辈
touch,n.触觉
retrospect,n.回顾
perceive,v.意识到
passerby,n.过路人，行人
hang,v.悬挂
partial,adj.部分的
flower,n.花
courtyard,n.庭院，院子
personality,n.个性
kingdom,n.王国
skin,n.皮
spectrum,n.光谱，波谱
fortnight,n.两周
while,conj.当…的时候
confident,adj.确信的，有把握的，自信的
romantic,adj.浪漫的
magnitude,n.巨大，重大
staple,adj.基本的
inherent,adj.内在的，固有的，本性的
poisonous,adj.有毒的
hinder,v.阻碍，妨碍
tend,v.倾向于
tropic,n.回归线
craft,n.工艺
negligible,adj.微不足道的，不值一提的
shiver,v.战栗，发抖
scheme,n.计划
comprise,v.由…组成
grave,n.坟墓
duplicate,v.复制
dictation,n.听写
overwhelm,v.使不知所措
criticism,n.批评，指责
strengthen,v.加强，巩固
privacy,n.隐私
privilege,n.特惠
dream,n.梦
gloomy,adj.昏暗的
classify,v.分类，归类
overturn,v.推翻
golden,adj.金的
aesthetic,adj.审美的
sprout,v.发芽
intrinsic,adj.内在的，本质的，固有的
poem,n.诗
conclude,v.得出结论
dine,v.吃饭，进餐
subtle,adj.微妙的
ally,v.与…结盟
salesman,n.（男）售货员
exhaust,v.使精疲力竭
semiconductor,n.半导体
worthwhile,adj.值得的，有价值的
trick,v.欺骗，欺诈
wish,n.祝福
rectify,v.纠正
cloudy,adj.多云的
start,v.开始
main,adj.主要的，最重要的
slender,adj.修长的，纤细的，微薄的
feat,n.功绩
archive,n.档案
discard,v.抛弃
bar,n.酒吧
morning,n.早上，上午
consent,n.同意，赞成
flash,v.闪光，闪现
new,adj.新的
defect,n.缺点，缺陷
genuine,adj.真正的
debt,n.债务
impatient,adj.不耐烦的
smash,v.打碎
pressure,n.压力
gas,n.气体
bomb,n.炸弹
tenant,n.租户，房客
regular,adj.有规律的
congress,n.代表大会
plant,n.植物
piece,n.块，片
remember,v.记得
neglect,v.疏忽，疏漏，忽视
recede,v.渐渐远去
instinct,n.直觉，本能，天性
pave,v.铺路
notice,n.注意，通知，布告
ready,adj.准备好的
glacier,n.冰川
edible,adj.可食用的
seldom,adv.很少，难得
valid,adj.有效的
gay,adj.同性恋的
unique,adj.独一无二的
margin,n.差额
bunch,n.束
postage,n.邮费
humanity,n.人类
jog,v.慢跑
automobile,n.汽车
moment,n.片刻，瞬间
allow,v.允许
incidence,n.发生率
veil,n.面纱，面罩
lecture,n.讲座，讲课
displace,v.取代
boundary,n.分界线
hundred,num.一百
reptile,n.爬行动物
enable,v.使可能
poster,n.海报
disclose,v.泄漏
keep,v.保持
hierarchy,n.等级制度
worldwide,adv.遍及全世界，世界各地地
shrug,v.耸肩
ladder,n.梯子
tiny,adj.极小的，微量的
paw,n.爪子
access,n.访问，存取
identical,adj.完全相同的
component,n.组成部分
finally,adv.终于
reliance,n.信赖，依靠
safeguard,v.保护
grateful,adj.感激的，感谢的
disorder,n.杂乱
elapse,v.（时间）流逝
realistic,adj.现实的
junk,n.垃圾食品
princess,n.公主
rally,n.群众大会
mission,n.任务，使命
locate,v.确定…的位置
harm,n.伤害，损害
wound,n.伤口
junior,adj.级别低的
glory,n.荣誉，光荣
nice,adj.令人愉快的，美好的
fast,adj.快的
crash,n.撞车，坠机
delicate,adj.易受损的
acquire,v.获得
rust,n.铁锈
sufficient,adj.足够的，充足的
spelling,n.拼写，拼法
coherent,adj.连贯的
riot,n.暴乱
traffic,n.交通
third,ord.第三
visa,n.签证
integrity,n.正直，诚实
dislike,v.不喜欢
database,n.数据库
remainder,n.剩余物，剩余部分
evident,adj.明显的
implication,n.可能的影响
neutral,adj.中立的
linear,adj.直线的
snobbish,adj.势利的
pact,n.协定，条约，公约
reckon,v.认为
affect,v.影响
convert,v.转变
jet,n.喷气式飞机
rest,n.其余部分
namely,adv.即，也就是
utilize,v.利用，使用
Monday,n.星期一
prevent,v.预防
ballet,n.芭蕾
outlet,n.出口
stable,adj.稳定的
record,n.唱片
score,n.得分
shore,n.海岸，河岸，湖滨
variable,adj.易变的，多变的
tongue,n.舌头
institution,n.机构
small,adj.小的
raise,v.提升
curious,adj.好奇的
explosive,adj.易爆炸的
expertise,n.专门知识，专门技能
meaning,n.意思
appendix,n.附录
vicinity,n.周围地区，邻近地区，附近
spare,adj.多余的
bind,v.捆绑
proceedings,n.诉讼
adhere,v.黏附，附着
thirsty,adj.口渴的
through,prep.穿过
participant,n.参与者，参加者
dwell,v.居住
his,det.他的
skilled,adj.熟练的
surplus,n.过剩
somewhat,adv.稍微，有点
merit,n.优点，功绩，长处
term,n.术语
fearful,adj.可怕的
setback,n.倒退
naked,adj.裸体的
sore,adj.酸痛的
nominal,adj.名义上的
explore,v.探险
cricket,n.板球运动
attach,v.系牢
owe,v.欠（钱）
jar,n.罐子
bit,n.稍微，小量
eighty,num.八十
heir,n.继承人
operation,n.手术
amateur,adj.业余的
medicine,n.药
complete,adj.完全的
offend,v.冒犯
mug,n.马克杯，大杯
imagination,n.想象
spark,n.火花
cow,n.母牛
congratulation,n.祝贺，恭喜
sand,n.沙子
compliment,n.赞扬
embed,v.把…嵌入
color,n.颜色
envisage,v.想象，设想
ignite,v.燃烧，点燃
precise,adj.精确的
dive,v.潜水
flat,adj.平的
indispensable,adj.不可或缺的
protect,v.保护
prove,v.证明，证实
wrap,v.包，裹
crime,n.犯罪行为
intelligent,adj.聪明的
ease,n.容易
destruction,n.摧毁，毁灭
gown,n.女式礼服
waist,n.腰
stagnate,v.停滞
principle,n.道德原则
bird,n.鸟
progressive,adj.进步的
scarcely,adv.刚刚
nail,n.指甲
wonderful,adj.精彩的，绝妙的
face,n.脸
funeral,n.葬礼
vegetarian,n.素食主义者
reclaim,v.开垦
bound,adj.必然的
join,v.加入
thunder,n.雷声
ruler,n.统治者
parcel,n.包裹，邮包
divine,adj.神的
boat,n.小船，汽艇
visible,adj.明显的
gaze,v.凝视，注视
simply,adv.仅仅
message,n.信息，消息
highly,adv.非常
loom,v.隐约出现
rid,v.使摆脱
pilot,adj.试验性的，试点的
retire,v.离开
footstep,n.脚步声
course,n.课程
daughter,n.女儿
worm,n.蠕虫
enquiry,n.询问
underneath,prep.在…下面
rocket,n.火箭
problem,n.难题
abroad,adv.到国外，在国外
show,v.表明
arbitrary,adj.任意的
thrive,v.兴旺，繁荣，茁壮成长
wheat,n.小麦
lord,n.贵族
regime,n.政权
hospitality,n.殷勤款待，好客
push,v.推
purify,v.使纯净
queen,n.女王
inch,n.英寸
governor,n.州长，省长
painter,n.画家
infrastructure,n.基础建设，基础设施
follow,v.跟随
talk,n.谈话
ugly,adj.丑陋的
contribution,n.贡献
clay,n.黏土，陶土
lead,v.带路
amplify,v.放大，增强
vapour,n.蒸汽
semester,n.学期
dirty,adj.肮脏的
widow,n.寡妇，遗孀
grind,v.磨碎
atmosphere,n.大气（层）
goat,n.山羊
scenery,n.风景
subscribe,v.订阅
alarm,n.闹钟
descent,n.下降
force,n.力，力量
violence,n.暴力，暴行
marble,n.大理石
sleeve,n.袖子
bypass,n.旁路
drawer,n.抽屉
optimistic,adj.乐观的，乐观主义的
left,adj.左边的
reservoir,n.水库
deed,n.行为
delete,v.删除
supermarket,n.超市
contagious,adj.接触传染的
analytic,adj.分析的
canvas,n.帆布
tell,v.告诉
tea,n.茶叶，茶水，茶点
ability,n.能力
flee,v.逃离，逃避
draw,v.画
forever,adv.永远地
remedy,n.解决方法
expenditure,n.花费
west,adj.西方的，向西的，西部的
nominate,v.提名
heavy,adj.重的
spider,n.蜘蛛
relative,adj.相对的
proud,adj.自豪的
damn,v.批评，谴责
maybe,adv.也许，或许，可能
county,n.郡，县
resource,n.财力
brutal,adj.残忍的，野蛮的
flourish,v.繁荣
royal,adj.王室的，皇家的
ant,n.蚂蚁
sweater,n.毛衣
fun,n.乐趣
trim,v.修剪
down,adv.向下
coffee,n.咖啡
deceit,n.欺骗
fund,n.基金
blast,n.爆炸
mess,n.脏乱
allegiance,n.拥护
burden,n.负担，重负
stiff,adj.僵硬的
emperor,n.皇帝
real,adj.真实的
affair,n.事情，事件
refusal,n.拒绝
same,adj.同一的
package,n.包裹
mechanic,n.技工，机械师
distance,n.距离
radiate,v.辐射
wicked,adj.邪恶的
shortage,n.不足，短缺
reciprocal,adj.互惠的，相互的
invitation,n.邀请
requirement,n.必要条件
remain,v.保持，仍是
waterproof,adj.防水的
mount,v.登上
oppose,v.反对，阻挠，抵抗
although,conj.虽然，尽管
apart,adv.相隔
era,n.时代
bachelor,n.单身汉
discourage,v.使气馁，使灰心
Celsius,n.摄氏度
missile,n.导弹
terror,n.恐惧
tent,n.帐篷
found,v.创办
ascribe,v.把…归因于
transmit,v.传送
visitor,n.来访者，参观者，游客
tomb,n.坟墓
utmost,adj.最大的，极度的
abound,v.大量存在
heap,n.一堆
correct,adj.准确无误的
scenario,n.设想
attitude,n.态度，看法
kindness,n.善良，宽容
cart,n.运货马车
brace,v.做准备
likelihood,n.可能性
horizontal,adj.水平的，横的
evacuate,v.疏散
electricity,n.电，电能
rise,n.增加
academy,n.学院，研究院
nickel,n.镍
vital,adj.至关重要的
least,det.最小的，最少的，最低程度的
beverage,n.饮料
vibrate,v.振动，颤动
finance,n.资金
wipe,v.擦，拭
one,num.一
lap,n.大腿部
successor,n.继任者
insight,n.深刻的见解
theme,n.主题
zeal,n.热情，热忱
economical,adj.经济实惠的
hire,v.租借
trail,n.踪迹，痕迹
umbrella,n.伞
imminent,adj.即将发生的，临近的
fortune,n.运气
borrow,v.借
serve,v.服务
wife,n.妻子
thermal,adj.热的
closet,n.储藏室
affluent,adj.丰富的
intention,n.意图，目的
seal,v.封住
partly,adv.一定程度上，部分地
brilliant,adj.聪明的
earth,n.地球
mistress,n.情妇
approve,v.赞成
weight,n.重量
huge,adj.巨大的，极多的
accustom,v.习惯于
equator,n.赤道
explicit,adj.清楚的
overtake,v.超过
maintain,v.维持
candidate,n.申请人
bewilder,v.使迷惑
wonder,v.想知道
intersection,n.十字路口
nearly,adv.几乎，将近，差不多
ignorant,adj.无知的，愚昧的
giggle,v.咯咯地笑，傻笑
streamline,v.使成流线型
import,v.进口，引进
butterfly,n.蝴蝶
forth,adv.向前
quantify,v.量化
provide,v.提供
double,adj.两倍的
pioneer,n.先驱
stay,v.保持
internal,adj.内部的
rejoice,v.高兴，喜悦
submarine,n.潜水艇
apartment,n.公寓
likewise,adv.同样地，类似地
clarity,n.明确
enthusiastic,adj.热情的，热心的
downward,adj.下降的，向下的
hardship,n.艰难，困苦
benefit,n.好处
strict,adj.严格的
operator,n.操作人员
green,adj.绿色的
succession,n.一连串
important,adj.重要的，影响很大的
soccer,n.足球
outdoor,adj.户外的
expel,v.开除
but,conj.但是
refine,v.精炼
music,n.音乐，乐曲
refuse,v.拒绝
electron,n.电子
contemporary,adj.当代的
compulsory,adj.强制的，义务的
itself,pron.它自己
trivial,adj.琐碎的，无价值的，不重要的
boss,n.老板
shed,n.棚屋
destructive,adj.破坏性的，毁灭性的
characteristic,n.特性，特点
keen,adj.渴望的
opinion,n.意见，看法，观点
invest,v.投资
mend,v.修补
restaurant,n.餐厅
translation,n.翻译，译文
trait,n.特征，特点
underground,adj.地面下的
concept,n.观念，概念
raw,adj.生的
healthy,adj.健康的
discovery,n.发现
quote,v.引用
hearing,n.听力
brave,adj.勇敢的
decision,n.决定
exotic,adj.外来的
north,adj.北方的，向北的
polite,adj.有礼貌的，客气的
grief,n.悲伤
dial,n.刻度盘
coronavirus,n.冠状病毒
obvious,adj.明显的
especially,adv.尤其，非常
bless,v.祝福
tree,n.树，树木
countryside,n.乡村，农村
stitch,n.针脚
convince,v.使确信，使信服
detect,v.发现，察觉
preposition,n.介词
setting,n.环境
morality,n.道德，道德准则
settlement,n.解决
abuse,n.滥用
from,prep.从，来自，由…
debut,n.初次亮相
facility,n.设施
pearl,n.珍珠
desirable,adj.理想的，值得拥有的
hatch,v.孵出
resolution,n.决心
document,n.文件
token,n.象征，标志
norm,n.常态
paragraph,n.段落
scar,n.伤疤
impression,n.印象
her,pron.她
complaint,n.抱怨
permission,n.批准
nurture,v.养育，培养
except,conj.除了，只是
escape,v.逃跑
theft,n.盗窃
savage,adj.凶恶的
hormone,n.荷尔蒙，激素
wooden,adj.木制的
veteran,n.退伍军人
limit,n.限制，限度，极限
division,n.分开
tip,n.尖端
transit,n.过境，中转
current,n.水流，气流，电流
nearby,adj.附近的，邻近的
plea,n.恳求
dental,adj.牙科的
turn,v.旋转
rent,n.租金
gender,n.性别
modify,v.调整，修改
king,n.国王
lean,v.倾斜身体
phase,n.时期
dig,n.挖
measure,v.测量
rouse,v.唤醒
heritage,n.遗产
identify,v.认出，确认
prevalent,adj.流行的，普遍的
colony,n.殖民地
immediate,adj.立即的
success,n.成功，胜利
long,adj.长的
dye,v.给…染色
fence,n.栅栏，篱笆
missing,adj.找不到的，失踪的
assignment,n.任务
mill,n.磨粉机
nothing,pron.没有什么
delivery,n.投递
promising,adj.有希望的，有前途的
cabbage,n.卷心菜
herb,n.药草，香草
being,n.存在
champagne,n.香槟
pitch,n.球场
diligent,adj.勤奋的，勤勉的
almost,adv.几乎，差不多
celebrate,v.庆祝
insure,v.投保
nervous,adj.焦虑的
parameter,n.参数
root,n.根
cube,n.立方体
stomach,n.胃
temporal,adj.世俗的
arm,n.手臂
perfume,n.香味，芳香
joke,n.笑话，玩笑
tempo,n.速度
adverb,n.副词
territory,n.领土，领地
diagram,n.图解，图表
care,n.照顾
ventilate,v.使通风
deficiency,n.缺乏，不足
bibliography,n.系列书目，参考书目
burglar,n.窃贼
articulate,v.明确表达
vaccine,n.疫苗
diabetes,n.糖尿病
presumably,adv.推测起来，大概
specify,v.明确说明，具体指定
anyhow,adv.不管怎样
pleasant,adj.令人愉快的
reply,n.答复，回答
cape,n.斗篷，披肩
artery,n.动脉
belt,n.皮带
physiology,n.生理（机能）
cope,v.应付，处理
honor,n.荣幸
temper,n.脾气
realize,v.意识到
enlarge,v.扩大
master,n.硕士
badge,n.徽章
ocean,n.海洋，大海
surprise,n.惊奇
club,n.俱乐部
commodity,n.商品，货物
undo,v.解开
upgrade,v.升级，改进
endure,v.忍耐
specification,n.规格
tax,v.对…征税
wrist,n.手腕，腕关节
intervene,v.干预
sofa,n.沙发
layoff,n.解雇，裁员
volume,n.体积，容量
amaze,v.使惊奇
ceiling,n.天花板
daylight,n.日光，白天
blueprint,n.蓝图
nuisance,n.麻烦事，讨厌的人
clothes,n.衣服，服装
repel,v.击退
payment,n.支付
trumpet,n.喇叭，小号
drastic,adj.激烈的
load,v.装上
baseball,n.棒球
argue,v.争论
frank,adj.坦白的，直率的
that,det.那，那个
recover,v.恢复
ice,n.冰
total,adj.全部的，总计的
pill,n.药丸，药片
none,adv.绝不，不怎么
bloody,adj.残暴的
ache,n.疼痛
salt,n.盐
conceive,v.想象，构想
convention,n.习俗，惯例
oblige,v.强迫
departure,n.离开，出发
panic,v.使惊慌
flight,n.航班
aid,n.帮助
reconcile,v.使和谐一致
collaborate,v.合作，协作
hum,v.哼（曲子）
close,adj.近的
apparent,adj.明显的
profile,n.侧面像
applaud,v.鼓掌
cup,n.杯子
principal,n.校长
sovereign,adj.有主权的
social,adj.社会的
continuous,adj.连续的
content,adj.满足的，满意的
particle,n.颗粒
top,adj.顶端的
different,adj.不同的，各种的
rain,n.雨，雨水
china,n.瓷器，瓷料
vinegar,n.醋
censorship,n.审查
priority,n.优先考虑的事
handy,adj.易使用的，便利的
chorus,n.合唱团
should,aux. v.应该
gross,adj.总的，粗略的
filter,v.筛选
hobby,n.业余爱好
quiver,n.颤抖
metropolitan,adj.大城市的，大都会的
fireplace,n.壁炉
hose,n.软管
cash,n.现金
evening,n.晚上
farther,adj.更远的
pan,n.平底锅
dessert,n.餐后甜点
license,n.许可证，执照
rot,n.腐烂
myth,n.神话
extreme,adj.极度的
bright,adj.明亮的
anybody,pron.任何人
him,pron.他
snack,n.快餐
guy,n.男人，小伙子
fuss,v.（为小事）烦恼
carbon,n.碳
person,n.人，个人
monarch,n.君主，帝王
crust,n.面包皮
used,adj.适应，习惯于…的
tear,n.眼泪
e-mail,n.电子邮件
bottom,adj.底部的，尽头的
nor,conj.也不，也没有
capacity,n.容量
dead,adj.死的
alternate,v.交替
poll,n.民意调查
sum,n.金额
hardly,adv.几乎不
peep,v.偷看
class,v.分类，归类
realm,n.领域
select,v.选择，挑选
acquaintance,n.熟人
patience,n.耐心
return,n.返回
heaven,n.天堂
wise,adj.充满智慧的，明智的，英明的
church,n.教堂
beat,n.敲，击
confusion,n.困惑
humble,adj.谦卑的
establish,v.建立
scarf,n.围巾
decorate,v.装饰，装修
kilo,n.千克，公斤
pollute,v.污染，弄脏
scandal,n.丑事，丑闻
fleet,n.舰队
breast,n.乳房
basis,n.基础
random,adj.随机的
sheep,n.羊
recollect,v.回忆，想起
possession,n.拥有
hunger,n.饥饿
behave,v.表现
pure,adj.纯净的
stone,n.石头
further,adv.更远地
bear,v.承受，忍受
possible,adj.可能的
leaf,n.叶子
terrible,adj.可怕的
rich,adj.富有的
truck,n.卡车，货车
plug,n.插头
faint,adj.微弱的
round,adj.圆的
elder,adj.年纪较长的
situation,n.情况，形势
curl,v.卷曲
instruction,n.教授
script,n.剧本
when,adv.什么时候
meet,v.相遇
history,n.历史
musical,adj.音乐的
original,adj.原来的
agriculture,n.农业
sportsman,n.运动员
horizon,n.地平线
punch,n.一拳
layout,n.布局，排版，设计
opaque,adj.不透明的
unite,v.联合，团结，统一
watch,v.观看，观察
patrol,n.巡逻（队）
list,n.清单，名单
optimum,adj.最优的，最佳的
arena,n.竞技场
reed,n.芦苇
inaugurate,v.为…举行就职典礼
impart,v.告知，传授
dove,n.鸽子
economy,n.经济（制度）
marathon,n.马拉松赛跑
literacy,n.识字，有读写能力
concert,n.音乐会，演奏会
plate,n.盘子，碟子
veto,v.否决
statement,n.陈述
fabulous,adj.绝妙的
foam,n.海绵橡胶
tame,adj.驯化的
they,pron.他们，她们，它们
farm,n.农场
struggle,v.努力
mayor,n.市长
sink,v.下沉
inside,adj.内部的
hostile,adj.怀有敌意的
menu,n.菜单
suffer,v.遭受
pavement,n.人行道
date,n.日期
bond,n.纽带
puff,n.吸气
junction,n.交叉路口，汇合处
hers,pron.她的
check,v.检查
sex,n.性
centimetre,n.厘米
rapid,adj.迅速的
diary,n.日记
actor,n.（男）演员
sail,n.帆
love,n.爱
circular,adj.圆形的
he,pron.他，它
adult,n.成年人
obedience,n.服从，顺从
tolerant,adj.容忍的，宽容的
gadget,n.小器具，小装置
sibling,n.兄弟姐妹
contain,v.包含
loosen,v.放松
beg,v.乞讨
commercial,adj.商业的
inflict,v.使遭受，施加，造成 (伤害等)
architecture,n.建筑学
colleague,n.同事，同僚
assistance,n.帮助
dedicate,v.致力于，献身
location,n.地点，位置
scrape,v.刮掉
tin,n.锡
anonymous,adj.匿名的
billion,n.十亿
exchange,n.交换
latent,adj.潜在的，潜伏的
reward,n.酬劳，奖赏；回报
pretext,n.借口，托词
herd,n.兽群，牧群
kidnap,v.劫持，绑架
cloud,n.云
textile,n.纺织品
strife,n.冲突
schedule,n.日程安排
beneath,prep.在…的下层，在…底下
labor,n.劳动
mutter,v.嘀咕，抱怨
collective,adj.集体的，共同的
upstairs,adj.楼上的，上层的
cucumber,n.黄瓜
classic,adj.典型的
courage,n.勇气，无畏，胆量
some,det.一些
breath,n.呼吸
know,v.知道
proclaim,v.宣布
accomplish,v.完成
half,adj.一半的
cling,v.紧紧抓住
link,n.联系
impair,v.损伤，削弱
revolt,n.反抗
rake,n.耙子
sin,n.罪，罪恶
denial,n.否认，拒绝
cheque,n.支票
hawk,n.鹰，隼
suite,n.套房
debate,n.辩论，正式讨论
prescription,n.处方（药）
Wednesday,n.星期三
liquid,adj.液体的
decisive,adj.决定性的，关键的
enroll,v.登记
outrage,n.愤怒，愤慨
trial,n.审讯，审判
responsible,adj.有责任的，负责的
scrap,n.碎片
dear,adj.宝贵的，珍视的
conquest,n.征服
action,n.行动
price,n.价格
wild,adj.野生的
bolt,n.插销
with,prep.和…一起
thick,adj.厚的，粗的
comic,adj.滑稽的
involve,v.包含，需要
instrumental,adj.起重要作用的
bald,adj.秃的
proximate,adj.最接近的
anxious,adj.焦虑的
yearly,adj.每年的，年度的
clumsy,adj.笨拙的
gravity,n.严重性
assess,v.评估
superb,adj.极佳的，卓越的
legal,adj.合法的，法定的
stake,n.股份
minority,n.少数
highlight,v.突出，强调
crucial,adj.至关重要的，决定性的
fairly,adv.相当地
frog,n.蛙
sack,n.麻袋
nurse,n.护士
strenuous,adj.费力的
high,adj.高的
rough,adj.粗糙的
writer,n.作家，作者
notable,adj.值得注意的，显著的，重要的
bathroom,n.浴室，卫生间
apply,v.申请
hungry,adj.饥饿的
chancellor,n.总理
carpenter,n.木工，木匠
absurd,adj.荒谬的
ministry,n.（政府的）部
doom,n.死亡
cat,n.猫
pigeon,n.鸽子
lavatory,n.厕所，洗手间
conjunction,n.同时发生
oftentimes,adv.时常，经常
bowel,n.肠
horn,n.喇叭
dramatic,adj.急剧的
swarm,n.一大群，一大批
anger,n.愤怒
breach,n.违背
cause,n.原因
organization,n.机构，组织
thigh,n.大腿
dismiss,v.不予考虑
prohibit,v.禁止
seize,v.抓住
southwest,adj.西南的
material,n.原料
assassinate,v.暗杀，刺杀
slam,v.砰地关上
conceal,v.隐瞒
productivity,n.生产力，生产率
perform,v.履行
not,adv.不，没有
pope,n.教皇
daily,adj.每日的，日常的
book,n.书
satire,n.讽刺（作品）
little,adj.小的
unless,conj.除非，如果不，若非
susceptible,adj.敏感的
sector,n.部门
December,n.十二月
artifact,n.人工制品，手工艺品
lad,n.男孩，小伙子
waste,adj.荒芜的，废弃的
acre,n.英亩
extinct,adj.灭绝的
stem,n.茎，干
learn,v.学习，学会
obscure,adj.模糊的
decay,n.腐烂
roast,v.烤
sauce,n.酱汁，调味汁
stream,n.小河，溪流
acquisition,n.获得
confront,v.正视
lonely,adj.孤独的，寂寞的
productive,adj.多产的
case,n.情况，事例
glare,n.怒视
reference,n.引用
sightseeing,n.观光，游览
peaceful,adj.（爱好）和平的
million,n.百万
accommodation,n.住处
evidence,n.根据
sympathy,n.同情
pond,n.池塘
garage,n.车库
avail,n.益处，效用
tissue,n.（动植物的）组织
scientific,adj.科学的
variety,n.不同种类
character,n.角色
lab,n.实验室
predator,n.捕食者
clockwise,adv.顺时针方向地
suppress,v.镇压
radio,n.收音机
recall,v.记起
motivate,v.成为…的动机
particular,adj.特指的
slight,adj.少量的
perhaps,adv.或许，也许
father,n.父亲
usage,n.使用，用法
algorithm,n.算法
past,adj.过去的
preach,v.布道
institute,n.协会，机构，研究所
logical,adj.合乎逻辑的，合理的
overthrow,n.推翻，打倒，颠覆
performance,n.执行
compassion,n.同情，怜悯
army,n.陆军
hope,n.希望，期望
reassure,v.使安心
university,n.大学
power,n.力量
gasoline,n.汽油
tuition,n.学费
descend,v.下来，下降
discipline,n.纪律
star,n.星，恒星
gene,n.基因
originate,v.起源，发源
dozen,n.十二，一打
shift,v.转移
subtract,v.减去
company,n.公司
straightforward,adj.简单易懂的
position,n.位置
goodbye,int.再见，再会
decrease,v.减少，减弱，降低
nevertheless,adv.尽管如此，然而
appropriate,adj.适当的
element,n.要素
arrive,v.到达
satisfaction,n.满意，满足
strain,v.拉伤，损伤
affection,n.喜爱
underline,v.强调，突出
exhibition,n.展览
everybody,pron.每个人，所有人
nationality,n.国籍
latitude,n.纬度
hat,n.帽子
periodical,n.学术期刊
a,article.一（个）
saw,v.锯
assembly,n.议会
generalize,v.概括，归纳
perpetual,adj.不间断的
potential,n.可能性
nostalgic,adj.怀旧的
dissolve,v.溶解
whisper,v.耳语，小声说
anchor,n.锚
numb,adj.失去知觉的
net,n.网
sour,adj.酸的
identity,n.身份
competitive,adj.竞争的
engine,n.发动机
guess,n.猜测，猜想
unlike,adj.不同的，不像的
soldier,n.军人
knee,n.膝盖，膝关节
run,v.跑
whichever,det.无论哪个
obsession,n.痴迷，着魔
expansion,n.扩大
handsome,adj.帅气的
thousand,num.一千
deprive,v.剥夺，使丧失
tailor,n.裁缝
breakfast,n.早餐
benign,adj.和善的
impose,v.强制实行
band,n.乐队
abdomen,n.腹部
former,adj.以前的
wedding,n.婚礼
repair,v.修理
loss,n.丧失，损失
benevolent,adj.仁慈的，乐善好施的
living room,n.客厅，起居室
scientist,n.科学家
segregate,v.分开
velvet,n.丝绒，天鹅绒
sportswoman,n.女运动员
invite,v.邀请
gamble,v.赌博
overflow,v.溢出
anything,pron.任何事物
earn,v.赢得，赚得
mile,n.英里
sociology,n.社会学
significance,n.意义，含义
limited,adj.有限的，限量的
memo,n.备忘录
pyramid,n.金字塔（结构）
active,adj.活跃的
merchant,n.商人，批发商
dark,adj.黑暗的
relax,v.放松，休息
globe,n.地球，世界
physician,n.（内科）医生
connection,n.关联，联系
global,adj.全世界的
adopt,v.采纳
biography,n.传记
basketball,n.篮球
overt,adj.公开的，明显的
guild,n.协会，行会
surgery,n.外科
useful,adj.有用的
mathematical,adj.数学的
jump,n.跳跃
technology,n.技术，科技
health,n.健康
disperse,v.（使）分散
test,n.测验
hammer,n.锤子
crop,n.收成
overcome,v.克服
burger,n.汉堡包
canal,n.运河
glimpse,n.一瞥
popular,adj.流行的，受欢迎的
intelligible,adj.可理解的，易领悟的
dumb,adj.笨的
fiction,n.小说
missionary,n.传教士
plough,n.犁
comment,n.评论，意见
applicable,adj.适当的
strawberry,n.草莓
artist,n.艺术家
depict,v.描绘
blow,v.吹，刮
controversy,n.争论，争议
augment,v.扩大
would,mod. v.将会
audio,adj.音频的，声音的
continent,n.洲
wisdom,n.智慧
plaintiff,n.原告
income,n.收入，收益，所得
relate,v.联系
census,n.人口普查
contingent,adj.依情况而定的
aloud,adv.出声地，大声地
engagement,n.订婚
refrigerator,n.冰箱
importance,n.重要性，重大
jolly,adj.愉快的，快乐的
cultivate,v.种植
contrary,adj.对立的，相反的
size,n.大小
feeble,adj.虚弱的
refund,n.退款
might,aux. v.可能，可以
pear,n.梨
typical,adj.典型的
successive,adj.连续的，相继的
despite,prep.尽管，即使
condition,n.状态
virus,n.病毒
statesman,n.政治家
posture,n.姿势，仪态
swell,v.肿胀
dialect,n.方言
submerge,v.淹没
appearance,n.外观
session,n.一段时间
accident,n.意外
giant,adj.巨大的
insect,n.昆虫
cathedral,n.大教堂
prefer,v.更喜欢，偏好
imitation,n.模仿
air conditioning,n.空调系统
pub,n.酒吧，酒馆
notorious,adj.臭名昭著的，声名狼藉的
scan,v.扫描
sneak,v.偷偷地做
status,n.地位，身份
influenza,n.流感
homework,n.家庭作业
peculiar,adj.古怪的
married,adj.已婚的
symphony,n.交响乐
illusion,n.错觉，幻觉，幻想
open,adj.开着的
deem,v.认为，视为，相信
look,v.看
congratulate,v.祝贺
foolish,adj.愚蠢的
warfare,n.战争
guideline,n.指导方针，准则
hunt,v.打猎，猎杀
carrot,n.胡萝卜
enormous,adj.巨大的，庞大的
challenge,n.挑战，考验
pit,n.洞
cellar,n.地窖，地下室
talent,n.天赋
interview,n.面试
bowling,n.保龄球
east,adj.东方的
weigh,v.称重量
sir,n.先生
cool,adj.凉爽的
teenager,n.青少年
discretion,n.审慎
preference,n.偏好
fly,v.飞
season,n.季节
tick,v.滴答响
noon,n.中午，正午
attribute,v.把…归因于
conscious,adj.意识到的
irrespective,adj.不顾的，不考虑的
rely,v.依赖
seek,v.寻找
entity,n.实体
chocolate,n.巧克力
expert,n.专家，行家
afford,v.承担得起
confidential,adj.秘密的，机密的
everywhere,adv.到处
greenhouse,n.温室，暖房
dawn,n.黎明，拂晓
stereotype,n.刻板印象
procession,n.行列
ambiguous,adj.模棱两可的
naval,adj.海军的
automation,n.自动化
eleven,num.十一
sit,v.坐
nine,num.九
exposure,n.暴露
artificial,adj.人造的
valuable,adj.有价值的，珍贵的
judgement,n.看法，评价
twice,adv.两倍
ambitious,adj.有野心的
travel,n.旅行，游历
purchase,n.购买
wire,n.电线
prosper,v.兴旺，发达
farmer,n.农民
solemn,adj.严肃的
fairy,n.小仙子，小精灵
stripe,n.条纹
agony,n.极度痛苦
painting,n.画作
indeed,adv.的确
calendar,n.日历
extension,n.扩大
kneel,v.跪下，跪着
below,adv.在…下面
subject,n.主题
conflict,n.冲突，争论
screen,n.屏幕
shy,adj.羞怯的
manuscript,n.手稿，原稿
century,n.世纪
guidance,n.引导，指导
concentrate,v.聚精会神
encyclopedia,n.百科全书
bend,v.弯曲
litter,n.垃圾
leak,v.渗漏
suit,n.套装，西装
scorn,v.轻蔑，鄙视
legend,n.传说
retrieve,v.取回
decimal,n.小数
literary,adj.文学的
revolution,n.巨大变化
denounce,v.谴责，指责
goal,n.目标
marital,adj.婚姻的
dubious,adj.怀疑的
address,n.地址
science,n.科学
seed,n.种子
Catholic,n.天主教徒
immigrant,n.移民，侨民
linen,n.亚麻布
merge,v.合并
comprehensive,adj.全面的
personnel,n.人事部门
thus,adv.以此方式
actual,adj.真实的
substitute,n.代替者，代替物
bacon,n.培根，熏猪肉
well-known,adj.众所周知的，熟知的
discover,v.发现，发掘
conductor,n.指挥
perish,v.死亡
needle,n.针
assurance,n.担保
fabric,n.织物，布料
signature,n.签名
religion,n.宗教（信仰）
track,n.小道
thrift,n.节约，节俭
leg,n.腿
balcony,n.阳台
admit,v.承认
troop,n.军队，部队
feudal,adj.封建的
sweat,n.汗水
calorie,n.卡路里
charity,n.慈善
silent,adj.沉默寡言的
percentage,n.百分比，百分率
scare,v.使受惊吓
thin,adj.薄的，细的
modernization,n.现代化
here,adv.向这里
life,n.生命
cost,n.费用
page,n.页
circus,n.马戏团
flush,v.冲洗
angel,n.天使
cycle,n.循环，周期
ill,adj.患病的
senior,adj.资深的
battle,n.战斗
spoil,v.溺爱
cohesive,adj.团结的，有凝聚力的
instant,adj.立即的
chemistry,n.化学
maths,n.数学
orchestra,n.管弦乐队
tendency,n.倾向
file,n.文件
fossil,n.化石
council,n.议会
kind,adj.体贴的，友好的，宽容的
numerous,adj.众多的，许多的
provided,conj.倘若，只要
thank,n.感谢
strip,n.条，带
school,n.学校
sunrise,n.日出
compound,n.化合物
slot,n.窄缝
melt,v.熔化，融化
horsepower,n.马力
smile,n.微笑，笑容
February,n.二月
conversion,n.转变
rate,n.速率
sideways,adj.一侧的
cocaine,n.可卡因
lock,n.锁
physicist,n.物理学家
clean,adj.洁净的
stir,v.搅动
longitude,n.经度
shear,v.剪
aggregate,n.合计，总数
offset,v.抵消，弥补
smoke,n.烟
apparatus,n.设备，仪器
tedious,adj.单调的，冗长的
ample,adj.足够的，充裕的
asset,n.有价值的人或物
humid,adj.潮湿的，湿热的
group,n.组，群
cannon,n.大炮
chest,n.胸部
change,v.改变
ideology,n.意识形态，思想体系
apologise,v.道歉
irony,n.有讽刺意味的情况
agree,v.赞成
kill,n.杀死，捕杀
ingenious,adj.心灵手巧的
transport,n.运输
pocket,n.口袋
steer,v.驾驶
point,n.点
quarantine,n.隔离期
wander,v.漫步于
width,n.宽度，广度
gentle,adj.温柔的
efficient,adj.效率高的
excitement,n.兴奋
catch,v.抓住
ponder,v.沉思
endeavor,v.努力，尽力
lunar,adj.月球的，月亮的
crown,n.王冠
tomorrow,adv.在明天
fling,v.扔
permeate,v.扩散，弥漫
indifferent,adj.不感兴趣的，漠不关心的
animal,adj.动物的
boost,v.促进
mandate,n.授权
nourish,v.抚养，滋养
neither,adv.也不
passive,adj.被动的，消极的
cigaret,n.香烟
mark,n.污点
ridge,n.山脊
reach,v.到达
crack,v.破裂
reluctant,adj.不情愿的，勉强的
permanent,adj.永久的，持久的
yawn,v.打哈欠
their,det.他们的，她们的，它们的
instantaneous,adj.瞬间的，即刻的
pick,v.挑选
myself,pron.我自己
bias,n.偏袒，偏见
weapon,n.武器
devote,v.致力，献身
monopoly,n.垄断
bankrupt,adj.破产的
grip,v.紧握
strap,n.带子
forehead,n.额头，前额
detail,n.细节
will,aux. v.将
ten,num.十
scream,v.尖叫
injure,v.伤害，损害
imperial,adj.帝国的，帝王的
sip,v.小口喝
probe,v.探查
fetch,v.拿来
publication,n.出版（物）
shrewd,adj.机灵的，敏锐的
rigorous,adj.谨慎的
kiss,n.吻
victory,n.胜利，成功
dual,adj.双重的
off,adv.离开
shop,n.商店
fume,v.恼火
microscope,n.显微镜
authority,n.当局
demonstrate,v.证明
wide,adj.宽的
jealous,adj.妒忌的
installation,n.安装
Christian,n.基督教徒
voluntary,adj.自愿的，志愿的
medium,adj.中等的，中号的
object,n.东西
feasible,adj.可行的
shower,n.阵雨
introduce,v.介绍
head,n.头部
cent,n.分 （货币单位）
widespread,adj.广泛的，普遍的
surname,n.姓
inertia,n.懒惰
marvelous,adj.极好的，非凡的
immune,adj.免疫的
plagiarism,n.抄袭（作品）
illustrate,v.以图表说明
restrict,v.限制
dwarf,adj.矮小的
imply,v.暗示，暗指
chief,adj.主要的
bite,n.咬
relevant,adj.相关的，切题的
sacred,adj.神圣的
badly,adv.非常
wage,n.工资
southern,adj.南方的，向南的
finger,n.手指
difference,n.差别
invaluable,adj.非常宝贵的，无价的
restore,v.使复原
chairman,n.主席
controversial,adj.有争议的，引发争论的
downtown,adv.在（到）市区
under,prep.在…下面
apt,adj.恰当的，有…倾向的，聪明的
soak,v.浸泡
diameter,n.直径
nowadays,adv.现在，现今，目前
skim,v.浏览
easy,adj.容易的
neck,n.颈，脖子
flood,n.洪水
infer,v.推断
optional,adj.可以任选的
array,n.一系列
seemingly,adv.表面上，看似
endow,v.向…捐款
conquer,v.攻克
October,n.十月
opponent,n.对手，竞争者
domestic,adj.家用的，家庭的
intimidate,v.恐吓，威胁
experiment,n.实验，试验
favorite,n.最喜欢的人或物
narrative,n.叙事
funny,adj.有趣的
heroic,adj.英雄的，英勇的
chance,n.可能性
treasure,n.财富
punish,v.惩罚
extensive,adj.广阔的
ecology,n.生态（学）
supper,n.晚饭
twelve,num.十二
difficulty,n.困难
addition,n.加法
store,n.商店
pen,n.笔，钢笔
fiber,n.纤维
whereby,adv.凭此，借以
fountain,n.喷泉
temperament,n.性情，气质
haste,n.匆忙，仓促
bread,n.面包
nitrogen,n.氮，氮气
density,n.浓度
trademark,n.商标
inner,adj.里面的，内部的
bribe,n.贿赂（物）
gramme,n.克
surface,n.表面
remains,n.剩余物
cosy,adj.温暖舒适的
jaw,n.颌骨
tumour,n.肿瘤，肿块
uncover,v.揭露，发现
kid,n.小孩，年轻人
motor,adj.有引擎的
void,adj.无效的
merry,adj.愉快的，欢乐的
depth,n.深度
foundation,n.基础
organize,v.组织
steward,n.乘务员
lung,n.肺
annoy,v.使心烦，使生气
hedge,v.用树篱围住
frost,n.霜
excuse,n.借口
dependent,adj.依赖的
formation,n.形成
auxiliary,adj.辅助的
advance,n.前进
advisable,adj.明智的，可取的
medal,n.奖章，勋章
notion,n.观念，理念，看法
spectator,n.观众
burn,v.燃烧
draft,n.草稿
necessary,adj.必需的，必要的
counterpart,n.职务相当的人，作用相当的事物
stain,v.弄脏
tender,adj.温柔的，亲切的
extract,v.拔出
underlying,adj.根本的
mode,n.方式
ideal,adj.理想的，完美的
dry,adj.干的
inferior,adj.级别低的
big,adj.大的
barbecue,n.烤架
machine,n.机器
really,adv.真正的
decline,v.减少，下降
envelope,n.信封
twenty,num.二十
exile,n.流放
knot,n.结
what,pron.什么，多么
into,prep.进入
rigid,adj.死板的
fate,n.命运
syndrome,n.综合症状，症候群
whom,pron.谁，什么人
complex,adj.复杂的，难懂的
monument,n.纪念碑
evil,adj.邪恶的
resultant,adj.由此产生的
simulate,v.模仿
loan,v.借出
charm,n.魅力
minimum,adj.最低限度的，最小的
leisure,n.休闲，空闲
seminar,n.研讨会
headache,n.头痛
interesting,adj.有趣的，有吸引力的
official,adj.官方的
alike,adv.相同地，相似地
darling,n.亲爱的，亲爱之人
proposal,n.提议
arrow,n.箭
engineer,n.工程师
ascertain,v.查明，弄清
super,adj.极好的，超级的
respect,n.尊敬，尊重
honorable,adj.可敬的
indoor,adj.户内的，室内的
fall,v.落下
loaf,n.一条（面包）
several,adj.各自的
courtesy,n.谦恭有礼的举止，礼貌
intend,v.想要，打算
reserve,v.预约
pad,n.衬垫
silly,adj.愚蠢的
glove,n.手套
southeast,n.东南
literature,n.文学
save,v.拯救
timely,adj.及时的，适时的
install,v.安装
whilst,conj.当…时，与…同时
reveal,v.揭示，披露
repeat,v.重做，重复
gather,v.聚集
chair,n.椅子
rank,n.等级，级别
cater,v.提供饮食
temptation,n.诱惑，引诱
soap,n.肥皂
media,n.媒体，传播媒介
adjacent,adj.毗连的，邻近的
very,adj.恰好的，正是
chalk,n.粉笔
do,v.做
niece,n.侄女，外甥女
where,adv.在哪里
threaten,v.威胁
revenge,n.报复，复仇
illustration,n.插图
elephant,n.大象
unlikely,adj.不大可能的
intelligence,n.智力
triumph,n.成功，胜利
whistle,n.哨子，口哨声
disc,n.圆盘
disrupt,v.扰乱
desire,n.渴望，欲望
mercy,n.仁慈，宽恕
equivalent,adj.等同的
market,n.市场
budget,n.预算
seven,num.七
taxi,n.出租车
movie,n.电影
propagate,v.传播
recur,v.再发生，反复出现
warm,adj.温暖的
influential,adj.有权势的，有影响力的
expect,v.预料
eyesight,n.视力
survey,n.民意调查
fatal,adj.致命的
policy,n.政策，方针
suitable,adj.合适的，适宜的
tide,n.潮汐
give,v.给，提供
fever,n.发烧
mould,n.霉
generous,adj.慷慨的，大方的
concrete,adj.具体的
advertise,v.做广告
blood,n.血
thermometer,n.温度计
computer,n.计算机，电脑
brown,adj.棕色的，褐色的
campus,n.大学校园
you,pron.你，你们
heighten,v.加强，提高，增强
muscular,adj.肌肉的
dish,n.碟子，盘子
pierce,v.刺破，穿透
blind,adj.失明的
convenient,adj.方便的
quantitative,adj.数量的
wake,v.醒来，唤醒
subway,n.地铁
stair,n.梯阶，楼梯
enclosure,n.围场
miracle,n.奇迹
reality,n.现实
elsewhere,adv.在别处，到别处
factor,n.因素
cylinder,n.圆柱体
steal,v.偷，窃取
subjective,adj.个人的
slope,n.斜坡
alienate,v.使疏远
machinery,n.（统称） 机器
central,adj.主要的
shuttle,n.航天飞机
study,v.学习
madam,n.夫人，女士
urban,adj.城市的
director,n.董事，经理
brand,n.品牌
clause,n.从句
butter,n.黄油，奶油
pedal,n.踏板
manage,v.设法完成
factory,n.工厂
demand,v.坚持要
injury,n.受伤
build,v.建造
channel,n.频道
kindergarten,n.幼儿园
volt,n.伏特
lamp,n.灯
plantation,n.种植园
evaporate,v.蒸发
sympathize,v.同情
aftermath,n.后果，余波
sophomore,n.（高中或大学）二年级学生
muscle,n.肌肉
liberal,adj.思想开明的
naive,adj.无经验的
exceedingly,adv.极其，非常
intricate,adj.错综复杂的
notify,v.通知，告知
mistake,n.错误，错事
vain,adj.徒劳的
beware,v.当心
grab,v.抓住
frequent,adj.频繁的
entrepreneur,n.企业家
existence,n.存在
environment,n.环境
outstanding,adj.杰出的
education,n.教育
mortal,adj.终有一死的
poetry,n.诗歌
spread,v.展开
us,pron.我们
foreigner,n.外国人
prime,adj.首要的
famine,n.饥荒
Sunday,n.星期日
introduction,n.介绍
definite,adj.肯定的
vacant,adj.空的
gratitude,n.感激，感谢
avenue,n.林荫道
metre,n.米，公尺
cherish,v.珍爱
limb,n.肢体
nucleus,n.（细胞、原子）核
embassy,n.大使馆
fraud,n.欺诈罪
idea,n.主意，想法
patent,n.专利
melody,n.旋律
faithful,adj.如实的
technical,adj.技术的，工艺的
spy,n.间谍，密探
indicate,v.表明，暗示
busy,adj.忙碌的
tolerance,n.忍受，宽容
union,n.工会
donate,v.捐赠
purple,adj.紫色的
candy,n.糖果
disposition,n.性格
finding,n.发现
tablet,n.平板电脑
furious,adj.暴怒的
compete,v.竞争，对抗
final,adj.最后的，最终的
we,pron.我们
old,adj.年老的
vulgar,adj.粗俗的，俗气的
vase,n.花瓶
bush,n.灌木
compress,v.压缩
against,prep.反对
railroad,n.铁路
combat,n.战斗，格斗
assemble,v.聚集
knock,n.敲击声
carbohydrate,n.碳水化合物
shepherd,n.牧羊人
northwest,adj.西北的
spend,v.花费
gear,n.齿轮
nineteen,num.十九
fill,v.（使）充满
shortcoming,n.短处，缺点
mute,adj.沉默的
grow,v.增强
pig,n.猪，令人不快的人
human,adj.人的
versatile,adj.多才多艺的
ceremony,n.典礼，仪式
overseas,adj.国外的，海外的
tram,n.有轨电车
obligation,n.义务，责任
moon,n.月亮，月球
in,prep.在…某一点
blaze,n.火焰，烈火
via,prep.经由，经过
pain,n.疼痛，痛苦
reject,v.拒绝
ivory,n.象牙
click,v.点击
refer,v.提及
classroom,n.教室
radiant,adj.容光焕发的
virtual,adj.虚拟的
ash,n.灰，灰烬
dominate,v.支配
similar,adj.类似的，相像的
commit,v.投入
convene,v.召集，召开，集合
disturb,v.打扰
promote,v.促进
contend,v.主张，声称
spray,n.浪花
penalty,n.处罚
graduate,v.毕业
certainty,n.确实性
powerful,adj.强大的
once,adv.一次
copper,n.铜
odds,n.几率，可能性
publicity,n.宣传
black,adj.黑的
lyric,n.抒情诗
tonight,adv.在今夜，在今晚
essay,n.论文
predecessor,n.前辈，前任
slaughter,v.屠宰
divert,v.使分心
transient,adj.短暂的
reliable,adj.可信赖的，可靠的
fellow,n.伙伴
crane,v.伸长（脖子）看，探头看
bin,n.储物箱
September,n.九月
dance,n.舞蹈
coin,n.硬币
squirrel,n.松鼠
limp,n.跛行
grain,n.谷物
splendid,adj.壮丽的
war,n.战争
parent,n.父母
exist,v.存在
usually,adv.通常，一般，经常
encounter,v.遭遇
couple,n.情侣，夫妇
failure,n.失败（者）
segment,n.部分
apple,n.苹果
alone,adj.独自
pupil,n.小学生
album,n.专辑
interval,n.间隔
thorn,n.刺
pool,n.游泳池
analysis,n.分析
noun,n.名词
shield,n.盾牌
lesson,n.课程
everything,pron.每件事
epoch,n.时代
box,n.盒子，箱子
per,prep.每，每一
supersonic,adj.超音速的
cooperative,adj.合作的
mild,adj.轻微的
policewoman,n.女警察
critic,n.评论家
weave,v.编织
oneself,pron.自己，自身
rock,n.岩石
pretend,adj.假装的
cut,v.切，割
installment,n.一期 （分期付款）
relief,n.宽慰
conviction,n.定罪
mortgage,v.抵押
protocol,n.礼节
praise,n.赞扬
housework,n.家务活
defence,n.防御
wit,n.智力
radar,n.雷达
masculine,adj.具有男子气质的
speaker,n.演讲者
plus,prep.加上
alongside,prep.同时
interest,n.兴趣
flap,v.振翅
league,n.联盟
question,n.问题
cheap,adj.便宜的
suppose,v.认为
mingle,v.使混合
wholly,adv.完全地，完整地
background,n.背景
bath,n.洗澡
chairwoman,n.女主席
mediate,v.调解，调停
mix,v.混合
gang,n.帮派
massacre,n.大屠杀
cyberspace,n.网络空间
bronze,n.青铜
ego,n.自尊
whereas,conj.然而，但是
logic,n.逻辑
grim,adj.严肃的
tobacco,n.烟草，烟叶
flow,n.流动
charter,n.宪章
render,v.使变得
choir,n.合唱团
maintenance,n.维修
death,n.死亡
fragile,adj.易碎的
angle,n.角
wreck,n.（船、车等的） 残骸
harness,v.控制，利用
garden,n.花园
mirror,n.镜子
operational,adj.操作的
exquisite,adj.精美的
announce,v.宣布
aerial,adj.空中的
laser,n.激光
blur,n.模糊
dim,adj.暗淡的，模糊的
poke,v.戳，刺，捅
state,n.国家
patch,n.小块
corn,n.谷物
lick,v.舔
ending,n.结局
camp,n.营地
around,adv.周围
monster,n.怪物，恶魔
according to,phrase.根据，依照
stretch,v.撑大
spiritual,adj.精神的，心灵的
stress,n.压力
echo,n.回音
reverse,v.彻底改变
aeroplane,n.飞机
reinforce,v.加强，加固
mosquito,n.蚊子
dose,n.一份，一点
formidable,adj.令人敬畏的
oppress,v.压迫，使压抑
four,num.四
distinction,n.差异
youngster,n.年轻人，儿童
gold,adj.金色的
province,n.省
adverse,adj.不利的，有害的
flexible,adj.灵活的
careful,adj.小心的
counsel,n.律师
concise,adj.简洁的，简明的
cover,n.覆盖物
chunk,n.相当大的数量
significant,adj.意义重大的
hell,n.地狱
perfect,adj.完美的
roundabout,n.环岛
hook,n.钩，挂钩，鱼钩
infectious,adj.传染的
sharp,adj.锋利的
kit,n.成套工具
structure,n.结构，构造
sincere,adj.诚挚的
recommend,v.推荐
prolong,v.延长，拖长
ask,v.询问
publish,v.出版
integral,adj.必需的，不可或缺的
communism,n.共产主义
candle,n.蜡烛
spur,v.激励
medical,adj.医学的，医疗的，医术的
own,v.拥有
pastime,n.消遣，娱乐
executive,adj.行政的
vanity,n.虚荣心，自大
anxiety,n.焦虑
set,v.放置
strike,v.击
magazine,n.杂志
focus,v.集中
jewel,n.宝石
explanation,n.解释，说明
willing,adj.愿意的
bearing,n.影响
wagon,n.运货车
function,n.功能
locality,n.地区，地点
litre,n.升
superstition,n.迷信
heart,n.心脏
switch,v.改变，转变
jurisdiction,n.管辖权，司法权
menace,n.威胁
rehearse,v.排练
deduct,v.减去，扣除
ourselves,pron.我们自己
fifteen,num.十五
idle,adj.懒惰的
abundant,adj.大量的
hostess,n.女主人
description,n.描述，叙述
membership,n.会员身份
outfit,n.全套服装
oven,n.烤箱，烤炉
discharge,v.允许离开
assumption,n.假定
buy,v.购买
deadline,n.最终期限，截止日期
epidemic,n.流行病
insult,n.侮辱，辱骂
indignant,adj.愤慨的
romance,n.浪漫史
himself,pron.他自己
viewpoint,n.观点，看法
appliance,n.家用电器
somebody,pron.某人
relationship,n.关系，联系
commonwealth,n.英联邦
elicit,v.引出
embrace,v.拥抱
transfer,v.转移
can,mod. v.能，会
jungle,n.丛林
feather,n.羽毛
desert,v.抛弃
crystal,n.水晶
seventy,num.七十
marriage,n.婚姻，结婚
expand,v.扩大
recession,n.经济衰退
captain,n.舰长，机长
means,n.方式，途径
tomato,n.西红柿，番茄
most,adv.（构成最高级）最
noisy,adj.吵闹的，嘈杂的
monkey,n.猴子
lamb,n.羔羊
happy,adj.快乐的，幸福的，满意的
resilient,adj.有适应力的
lace,n.蕾丝，花边
insert,v.插入
because,conj.因为，由于
twinkle,v.闪耀，闪烁
aware,adj.察觉到的
knit,v.编织
actress,n.女演员
somehow,adv.以某种方式
accept,v.接受
projector,n.放映机，投影仪
juvenile,adj.青少年的
dealer,n.经销商
hover,v.盘旋
peel,v.剥去
sample,n.样本，样品
effective,adj.有效的
excel,v.擅长
vocation,n.工作，职业
client,n.委托人，当事人，客户，顾客
yell,v.叫喊，吼叫
odd,adj.古怪的
optical,adj.视力的
inference,n.推理
intermediate,adj.中间的
lens,n.透镜，镜片
liability,n.责任
accumulate,v.积累
due,adj.由于，因为
shadow,n.阴影，影子
ratio,n.比例，比率
scold,v.责骂，数落
crude,adj.粗略的
saleswoman,n.女售货员
deliver,v.递送
surround,v.环绕，包围
count,v.数数
superior,adj.更好的
specimen,n.样本
pile,n.摞，沓
jam,n.果酱
conference,n.会议
flame,n.火焰
pray,v.祈祷
yellow,adj.黄色的
analogy,n.类比
vigorous,adj.精力充沛的
belly,n.肚子
yard,n.院子
until,prep.直到…才，直到…为止
react,v.（作出）反应
forty,num.四十
coarse,adj.粗糙的
therefore,adv.因此，所以
match,n.比赛
petroleum,n.石油
dispute,n.争论
spell,n.咒语
qualification,n.学历；资格
unusual,adj.特别的，不寻常的
divorce,n.离婚
fright,n.惊吓
knob,n.球形把手
capital,n.资本
republican,n.共和党人
television,n.电视机
first,det.第一
erase,v.抹去
fan,n.风扇
shake,v.摇动
layer,n.层
irrigate,v.灌溉
plausible,adj.貌似合理的
millimeter,n.毫米
path,n.小路
siege,n.围攻，围困
besides,adv.况且，再说
boy,n.男孩
film,n.电影
exercise,n.锻炼
Bible,n.圣经
responsibility,n.责任（心）
exceptional,adj.杰出的
ashore,adv.在岸上，上岸
impress,v.使钦佩
so-called,adj.所谓的
tale,n.故事，传说
momentum,n.动力，势头
duck,n.鸭子
inflation,n.通货膨胀
eradicate,v.根除，杜绝
confidence,n.信任
friction,n.摩擦（力）
enjoy,v.享受
dominant,adj.有影响力的
peach,n.桃子
party,n.聚会
your,det.你的，你们的
kick,v.踢，踹
pattern,n.模式
enclose,v.围起
female,adj.雌性的，女性的
last,adv.最后，最终
technique,n.技艺，工艺
scholar,n.学者
bruise,n.瘀伤
alert,adj.机敏的
cashier,n.收银员，出纳员
by,prep.靠近
evolve,v.逐步发展
landlord,n.房东，地主，店主
sturdy,adj.结实的
timber,n.木料
external,adj.外来的
appeal,n.上诉
activity,n.活动，行动
laugh,n.笑声
fake,n.赝品
bleak,adj.无望的
bump,v.碰撞
competition,n.竞争
carpet,n.地毯
dollar,n.美元
turnover,n.营业额
alphabet,n.字母表
upset,v.打乱
orbit,n.轨道
embryo,n.胚胎
inclusive,adj.全部包含在内的
pet,n.宠物
fresh,adj.新的
lever,n.杠杆
pair,n.一双，一副，一对
plunge,v.纵身投入
security,n.安全
warehouse,n.仓库
obedient,adj.服从的，顺从的
worst,adj.最差的，最坏的
answer,n.回复
bitter,adj.苦的
five,num.五
curve,n.曲线，弧线
mainland,n.大陆，本土
mature,adj.成熟的
whether,conj.是否
famous,adj.著名的
officer,n.军官
flaw,n.错误
dilemma,n.进退两难的窘境
grope,v.搜索，摸索
sponge,n.海绵
turmoil,n.混乱，骚动，动荡
massive,adj.巨大的
try,v.尝试，努力
compile,v.编纂
confine,v.限制
impulse,n.冲动
worth,adj.值得…的
carriage,n.火车车厢
faulty,adj.有缺陷的
distant,adj.遥远的
excerpt,n.摘录
disappear,v.消失
dinner,n.晚饭，晚宴
medieval,adj.中世纪的
shark,n.鲨鱼
practical,adj.实际的
pregnant,adj.怀孕的
swim,n.游泳
yield,v.产生
counter,v.反驳
extend,v.伸长
rescue,n.救援
intensity,n.强烈，剧烈
drift,v.漂流
service,v.维修，保养
sarcastic,adj.讽刺的
paste,n.面团
large,adj.大的，大量的
at,prep.在…
valley,n.山谷，河谷
loose,adj.松动的
yet,adv.迄今
true,adj.真正的
best,adj.最好的
complicated,adj.复杂的，难懂的
minister,n.部长
up,adv.向上
drunk,adj.醉酒的
expensive,adj.昂贵的
embarrass,v.使尴尬，使难堪
repay,v.偿还
fat,adj.肥胖的
undermine,v.暗中破坏
kettle,n.水壶
vacation,n.假期
roof,n.屋顶
whose,pron.谁的
phenomenon,n.现象
superiority,n.优势
rather,adv.相当地
scratch,v.抓，搔，刮
shrink,v.收缩
royalty,n.王室成员
conscientious,adj.认真的，勤勤恳恳的
bore,v.使厌烦
orientation,n.方向，定位
shabby,adj.破旧的
dog,n.狗
archaeology,n.考古学
therapy,n.疗法，治疗
reform,v.改革，改良
regardless,adv.不管，无论
fore,adj.前部的
twist,v.使弯曲
mention,n.提及，说起
intensive,adj.密集的，强化的
journey,n.旅行，旅程
immerse,v.使浸没于
control,n.控制
resemblance,n.相像，相似
secure,adj.安全的
urge,v.敦促，强烈要求
committee,n.委员会
regarding,prep.关于
loud,adj.大声的，喧闹的
auditorium,n.礼堂
steady,adj.稳定的
metric,adj.米制的，公制的
permit,v.批准，许可
culprit,n.罪犯
conversation,n.交谈，谈话
remind,v.使记起
lorry,n.卡车，货车
resident,n.居民
booth,n.小隔间
propaganda,n.宣传
comparable,adj.类似的
habit,n.习惯
outside,adj.外部的
art,n.艺术
angry,adj.愤怒的
bulletin,n.公告
attention,n.注意
infant,n.幼儿，婴儿
I,pron.我
news,n.新闻
motive,n.动机，缘由
empty,adj.空的
text,n.文本
series,n.一系列
certify,v.证明，核实
enter,v.进入
eye,n.眼睛
doctrine,n.教义
monetary,adj.金融的，货币的
swift,adj.迅速的，敏捷的
balance,n.平衡
discuss,v.讨论
accurate,adj.准确的，精确的
base,v.以…为基础
reflect,v.反射
barn,n.谷仓
oriental,adj.东方的
innocent,adj.无恶意的
jury,n.陪审团
hop,v.单脚跳行
toil,n.苦工，艰辛的工作
proportion,n.比例
each,det.各自，每个
self,n.自己
someone,pron.某人
consist,v.由…组成
convenience,n.便利，方便
reporter,n.记者
overlap,v.重叠，重合
accuracy,n.准确性，精确性
entrance,n.入口
later,adj.后来的，以后的
respective,adj.各自的，分别的
offer,n.出价，报价
opt,v.选择，挑选
procedure,n.程序
incur,v.招致，遭受
shave,v.剃
me,pron.我
exact,adj.精确的
update,v.更新，升级
lucrative,adj.赚大钱的，获利多的
eclipse,v.遮住…的光
such,det.这样的
reading,n.阅读
agenda,n.议题
laughter,n.笑，笑声
moral,adj.道德的
inhibit,v.妨碍，抑制
foreign,adj.外国的
mammal,n.哺乳动物
violin,n.小提琴
golf,n.高尔夫球运动
merchandise,v.推销，销售
migrate,v.迁徙，移居
rose,n.玫瑰花
breed,n.品种
version,n.版本
additional,adj.附加的，额外的
tower,n.塔，塔楼
kin,n.亲戚，家属
oar,n.船桨，桨
home,adj.家庭的
hospital,n.医院
may,mod. v.也许，可以，但愿
why,adv.为什么
nation,n.国家，民族
racial,adj.种族的
please,int.请
deck,n.甲板
adequate,adj.足够的
hypocrisy,n.伪善，虚伪
wealth,n.财富
smooth,adj.光滑的
prominent,adj.重要的
crowd,n.人群
keyboard,n.键盘
majesty,n.雄伟壮观
stereo,n.立体声（音响）
incline,v.倾向于
port,n.港口（城市）
handle,v.处理，对付
withhold,v.拒绝给，不给
application,n.申请（书）
librarian,n.图书管理员
exaggerate,v.夸大，夸张
storage,n.贮藏，存储
accompany,v.陪伴
downstairs,adv.往楼下，在楼下
toast,n.烤面包片，吐司
comrade,n.共患难的朋友，同志
depart,v.离开，出发
superfluous,adj.过剩的，多余的
drawback,n.缺点
guilty,adj.犯罪的，有罪责的
rub,v.摩擦
discount,v.打折
questionnaire,n.调查表，问卷
adventure,n.冒险
drill,n.钻头
son,n.儿子
April,n.四月
substance,n.物质
blend,v.混合
visual,adj.视觉的，视力的
extent,n.程度
franchise,n.特许经营权
fixture,n.固定装置
fame,n.声誉，名望
night,n.夜晚
overhear,v.偶然听到，无意中听到
association,n.联合
stipulate,v.规定，明确要求
job,n.工作，职业
theory,n.学说，理论
howl,v.嗥叫
boil,n.沸腾
deaf,adj.聋的
suspicious,adj.引起怀疑的，可疑的
plaster,n.灰泥
tow,v.牵引，拖，拉
perspective,n.视角
molecule,n.分子
skull,n.颅骨，脑壳
confer,v.授予
sorry,adj.难过的
narrow,adj.狭窄的
our,det.我们的
speed,n.速度
ahead,adv.在前面，向前
claw,n.爪，钳，螯
characterize,v.以…为特征
escort,n.护卫者
tradition,n.传统
advice,n.建议
individual,adj.个人的
feeling,n.感觉
strength,n.力量
hi,int.嗨
approval,n.批准
fish,n.鱼（肉）
porcelain,n.瓷（器）
criterion,n.标准，准则
urgent,adj.紧急的，迫切的
sunset,n.日落
cotton,n.棉花
figure,n.数字
pessimistic,adj.悲观（主义）的
inhale,v.吸入，吸气
picnic,n.野餐
invisible,adj.隐形的，无形的
sole,adj.唯一的
variation,n.变化
captive,n.俘虏
emphasize,v.强调
adore,v.爱慕
error,n.错误
item,n.（一件） 物品
grant,v.同意
transform,v.彻底改变
spontaneous,adj.自然的
year,n.年
two,num.二
meantime,n.其间，其时
obey,v.遵守，服从，顺从
confuse,v.使迷惑
rope,n.绳索
creep,v.悄悄行进
regulation,n.规章
clergy,n.神职人员
exhibit,v.展览
tangle,n.缠结的一团
shade,n.阴凉处
pirate,n.海盗
consecutive,adj.连续的，连贯的
admire,v.钦佩，仰慕
claim,v.要求
racket,n.喧哗
inherit,v.继承
costume,n.戏服
office,n.办公室
work,v.干活，工作
understanding,adj.善解人意的，体谅人的
paradigm,n.典范，范例
spade,n.铲子
stun,v.使震惊
express,adj.快速的
time,n.时间
mat,n.小地毯
cartoon,n.漫画
lash,v.鞭打
be,v.是
grammar,n.语法
river,n.河
across,adv.从一边到另一边
lump,n.块
eminent,adj.卓越的
eccentric,adj.古怪的，反常的
combine,v.结合
could,mod. v.可以，能
corporate,adj.公司的
submit,v.提交
noodle,n.面条
grass,n.草地
juice,n.果汁，菜汁，肉汁
textbook,adj.规范的，标准的
skate,v.滑冰
ear,n.耳朵
paralyze,v.使瘫痪
July,n.七月
dispose,v.安排
prosperous,adj.兴旺的，富足的
map,n.地图
unify,v.统一，使成为一体
retention,n.保留，保持
sow,v.播种
fry,v.油煎，油炸
something,pron.某事，某物
whole,adj.全部的，整体的
title,n.标题
vice,n.不良习惯
photo,n.照片
pale,adj.（面色）苍白的
cottage,n.村舍
centigrade,n.摄氏度
whatever,pron.任何
make,v.做
screw,n.螺丝（钉）
corner,n.角
classmate,n.同班同学
nutrition,n.营养，滋养
toe,n.脚趾，足尖
bell,n.铃（声），钟（声）
abolish,v.废止
welfare,n.幸福
business,n.商业
end,n.尽头
other,adj.其他的
lake,n.湖，湖泊
undertake,v.着手做，承担
proposition,n.提议
volunteer,n.志愿者，志愿兵
judicial,adj.司法的，审判的，法庭的
okay,adj.可以的
rap,n.说唱
intellectual,adj.智力的，脑力的
prospect,n.可能性
soda,n.苏打水
skill,n.技能
tension,n.矛盾
whenever,adv.无论何时，每当
yours,pron.你的，你们的
hurry,n.匆忙，急忙
owl,n.猫头鹰
weekend,n.周末
grocer,n.食品杂货商
revolve,v.旋转
declaration,n.宣布，宣言，声明
ever,adv.曾经
clock,n.时钟
otherwise,adv.否则
precede,v.先于
thumb,n.拇指
enough,adj.充足的
percent,adj.每一百中
outbreak,n.爆发，突然发生
sorrow,n.悲伤，痛苦
liberate,v.解放
melon,n.瓜，甜瓜
bank,n.银行
meat,n.肉
shipment,n.运输
assault,v.袭击，攻击
sane,adj.理智的
qualitative,adj.定性的
typewriter,n.打字机
leap,v.跳跃
mock,v.嘲笑，嘲弄
bean,n.豆，豆荚，豆科植物
comparison,n.比较
civilization,n.文明
sponsor,n.赞助者
smart,adj.聪明的
gallery,n.画廊
daunting,adj.令人畏惧的
bring,v.带来
hide,n.隐蔽处
quarrel,v.争吵
just,adv.刚才
bed,n.床，（河）床，（海等的）底，花坛
telephone,n.电话
swallow,v.吞下，咽下
marine,adj.海洋的
satisfactory,adj.令人满意的
manifest,v.表明，显现
whip,n.鞭子
overnight,adv.在晚上
future,adj.将来的，未来的
inland,adv.向内陆，向内地
ascend,v.上升
delay,n.耽搁，推迟
report,n.报告
preclude,v.妨碍，阻止
tie,n.领带
independence,n.独立
estimate,v.估计
suspicion,n.怀疑，猜疑
key,n.钥匙
luxury,n.奢侈
soluble,adj.可溶的
standard,adj.规范的
germ,n.细菌
sob,v.哭泣，呜咽
level,adj.平的
organ,n.器官
furnish,v.布置房间
send,v.邮寄
lion,n.狮子
coordinate,v.配合
rabbit,n.兔子
renovate,v.修复
analogue,adj.模拟的
comprehension,n.理解力
custom,n.风俗
sea,n.海
accuse,v.指责
familiar,adj.熟悉的
tuck,v.把…塞进
bonus,n.奖金
cheek,n.脸颊
road,n.道路
aspire,v.向往，渴望
astonish,v.使惊讶
diamond,n.钻石
normalization,n.正常化
birth,n.出生
mouse,n.老鼠
target,n.目标
comfort,n.舒适
navy,n.海军
pronunciation,n.发音
shaft,n.电梯井，通风井
parasite,n.寄生虫，寄生动植物
dread,v.恐惧，担心
largely,adv.在很大程度上，主要地，大半地
canteen,n.食堂
drip,v.滴下
slide,v.滑行
right,adj.正确的
militant,adj.好战的，激进的
hit,n.打
glow,v.发出微光
explosion,n.爆炸（声）
complement,v.补充，补足
shatter,v.（使）破碎
delicious,adj.美味的
glad,adj.高兴的
furnace,n.炉子
preferable,adj.更可取的，更适合的
sulfur,n.硫，硫磺
heave,v.举起，抛，拉
withstand,v.经受，承受，顶住
nightmare,n.噩梦，梦魇
tragedy,n.悲剧
disable,v.使残废
dictate,v.口述
collar,n.衣领
within,adv.在内部，在里面
erosion,n.腐蚀，侵蚀
create,v.创造，创作
inspiration,n.鼓舞
theirs,pron.他们的，她们的，它们的
glorious,adj.辉煌的
commence,v.开始发生
tail,n.尾巴
dragon,n.龙
alloy,n.合金
compromise,n.妥协
equipment,n.设备，装备
withdraw,v.撤回
parallel,adj.平行的
blame,v.把…归咎于，责怪
cupboard,n.橱柜
choice,n.选择
van,n.货车，面包车
destiny,n.命运，天数
since,adv.自…以后
category,n.种类，类别
illegal,adj.非法的
bureaucracy,n.官僚
sober,adj.清醒的
constitution,n.宪法
depend,v.依靠，信赖
body,n.身体
inhabitant,n.居民
lounge,n.休息室
rug,n.小地毯
enrich,v.使充实
speculate,v.推测
sequence,n.一系列
pledge,v.保证
pursue,v.追求
vessel,n.船，舰
bully,v.恐吓
side,adj.旁边的
edition,n.版本
frequency,n.频率
bother,n.麻烦
preceding,adj.在前的
activate,v.活性化
value,n.价值
my,pron.我的
age,n.年龄（段）
contrive,v.设法做到
durable,adj.耐用的
exit,n.出口
shut,v.关上，关闭
turkey,n.火鸡（肉）
available,adj.可获得的
carve,v.雕刻
accommodate,v.容纳
hostage,n.人质
egg,n.鸡蛋
aboard,prep.在船（或飞机、火车等）上
cigar,n.雪茄烟
tremendous,adj.极好的
rebel,n.叛乱者
the,article.这，那
pretty,adv.相当，很
taboo,n.禁忌，忌讳
eve,n.前夜，前夕
eighteen,num.十八
represent,v.代表
flavor,n.味道
alleviate,v.减轻
pin,n.大头针
tragic,adj.悲惨的，可悲的
affirm,v.断言
culture,n.文化，文明
afraid,adj.害怕的
horror,n.惊恐，震惊
fantastic,adj.极好的
achieve,v.完成
climax,n.最高点
sound,n.声音，响声
survival,n.存活，幸存
bolster,v.增强
chain,n.链条
stationery,n.文具
avoid,v.避免做
discrepancy,n.差异，不符合
prudent,adj.谨慎的
grandmother,n.奶奶，外婆，（外）祖母
fragment,n.碎片
arouse,v.唤起，激起
ripe,adj.成熟的
bureau,n.办事处
deer,n.鹿
stroll,n.散步，闲逛
voice,n.声音，嗓音
indication,n.表明，标示，象征
insurance,n.保险
panda,n.大熊猫
texture,n.质地
tire,n.轮胎，车胎
radical,adj.根本的，彻底的
hoist,v.提升，拉高，吊起
how,adv.多么，怎样，如何
calcium,n.钙
oral,adj.口头的
cripple,v.使跛，使残疾
thirty,num.三十
sue,v.控告
far,adj.较远的
street,n.街道，大街
agency,n.代理机构
food,n.食物
disease,n.疾病
elegant,adj.优雅的
petrol,n.汽油
misunderstand,v.误解，误会
rumor,n.传闻
spacious,adj.广阔的，宽敞的
plateau,n.高原
dimension,n.维度
quick,adj.快的
grand,adj.壮丽的
sly,adj.狡诈的
credential,n.凭证
information,n.信息，情报
boot,n.靴子
barren,adj.贫瘠的
topic,n.话题，主题，议题
arrest,v.逮捕
stocking,n.长筒袜
configuration,n.布局，构造
peanut,n.花生
stick,v.刺
cereal,n.谷类食物
persuasion,n.说服
idiot,n.蠢货，白痴
zone,n.地带，区域
movement,n.移动
intact,adj.完好无损的，完整的
administration,n.管理
doze,v.瞌睡
penetrate,v.穿过
ring,n.戒指
residence,n.住所
resemble,v.看起来像，与…相似
restraint,n.控制
curb,v.抑制，约束
thirst,n.口渴
lease,n.租约，租契
tangible,adj.实际的，真实的
spectacle,n.壮观的景象
scramble,v.攀登
hay,n.干草
dismay,v.使惊愕
psychiatry,n.精神病学
prompt,adj.迅速的
offspring,n.子女，后代
indignation,n.愤慨，愤怒
cloth,n.布料，织物
board,n.板
week,n.周，星期
railway,n.铁路
bleed,v.流血
humor,n.幽默
plain,n.平原
search,n.搜寻
bathe,v.洗澡
reproach,n.责备，指责
space,n.空间
brandy,n.白兰地
toilet,n.抽水马桶
button,n.纽扣
ethic,n.道德规范
secretary,n.秘书
direction,n.方向
secondary,adj.次要的
equity,n.资产净值
chin,n.下巴
people,n.人，人们
mood,n.心情，情绪
sphere,n.球体，球形
bacteria,n.细菌
clothe,v.给…穿衣
recovery,n.恢复
socialism,n.社会主义
stimulate,v.促使
magnify,v.放大
else,adj.其他的
linger,v.继续存留
sheer,adj.（表示强调）完全的
somewhere,adv.在某处
applause,n.鼓掌
sentence,n.句子
frame,n.框架，结构
decade,n.十年
underlie,v.构成…的基础，作为…的原因
shout,v.大声说
steak,n.牛排，鱼排，肉块
graph,n.图表，曲线图
excursion,n.远足
quart,n.夸脱
palm,n.手掌，手心
landscape,n.风景
bracket,n.括号
press,n.报道
barely,adv.仅仅
entertainment,n.娱乐
frighten,v.使惊吓，使惊恐
constant,adj.连续不断的
nap,n.小睡，打盹
diversion,n.消遣，娱乐
aggressive,adj.好斗的
policeman,n.（男）警察
packet,n.小包，小盒
interface,n.界面
salient,adj.显著的，突出的
diffuse,v.传播
sensation,n.感觉
lottery,n.彩票抽奖
gulf,n.海湾
male,adj.男性的
satellite,n.（人造）卫星
cage,n.笼子
perplex,v.迷惑，使困惑
exciting,adj.令人激动的，使人兴奋的
rear,n.后部
remote,adj.偏远的
cancer,n.癌症
illness,n.疾病
obstacle,n.阻碍
chapter,n.（书的）章
deficit,n.赤字，逆差
paper,n.纸
majority,n.大多数
strange,adj.奇怪的
pay,v.支付
wrinkle,n.皱纹
employer,n.雇主，老板
retail,n.零售
pull,v.拉，扯，拔
saint,n.圣人，圣徒
oxide,n.氧化物
furniture,n.家具
repetition,n.重复
rifle,n.步枪
respond,v.回复，回答
erode,v.侵蚀，腐蚀
door,n.门
corrupt,adj.腐败的
virtue,n.德行，美德
onto,prep.朝，向，面向
over,adv.倒下
snap,v.断裂
attendant,n.服务员
pillow,n.枕头
good,adj.好的
cable,n.缆绳
excite,v.激发
panorama,n.全景
contest,n.比赛，竞赛
shutter,n.百叶窗
prescribe,v.开药
football,n.足球
themselves,pron.他们自己，她们自己，它们自己
definition,n.定义
grin,n.咧嘴笑
disastrous,adj.灾难性的
together,adv.一起，同时
compare,v.比较
landlady,n.女房东，女店主
telegraph,n.电报
anticipate,v.预料
label,n.标签，标记
blank,adj.空白的
buffet,n.自助餐
typist,n.打字员
scatter,v.撒播
repression,n.镇压
receipt,n.发票，收据
soil,n.土壤，土地
cue,n.线索
editorial,adj.编辑的
photograph,n.照片
razor,n.剃刀
proceed,v.继续做
priest,n.牧师，神职人员
composition,n.组成方式，成分
spin,v.快速旋转
June,n.六月
less,adv.程度较低地，更小地，较少地
lateral,adj.侧面的，横向的
defy,v.违抗，蔑视
wave,n.波浪
breeze,n.微风
implement,v.使生效，贯彻，履行
drum,n.鼓
part,n.部分
fireman,n.消防队员
repeatedly,adv.重复地，再三地
multiply,v.乘
red,adj.红色的
slogan,n.标题，口号
entitle,v.给…权利（或资格）
assist,v.协助
groan,v.呻吟
pine,n.松树
grown-up,adj.成年的，成人的
testimony,n.证词，口供
appointment,n.预约
dividend,n.红利，股息
vary,v.有不同，相异
flag,n.旗，旗帜
town,n.镇，城镇
reproduce,v.繁殖
process,n.步骤
Internet,n.互联网
axe,n.斧
pottery,n.陶器
require,v.需要
coach,n.教练
lure,n.诱惑力，魅力
compel,v.强迫，迫使
conversely,adv.相反地
forum,n.论坛
any,det.任何的
habitat,n.生长环境，栖息地
console,v.安慰，抚慰
handicap,n.生理缺陷，残疾
yourselves,pron.你们自己
fable,n.寓言
video,n.录像，视频
emit,v.发出
style,n.风格
scarce,adj.缺乏的
concurrent,adj.同时发生的，并存的
transition,n.过渡，转变，变迁
gorgeous,adj.非常漂亮的
window,n.窗户
toward,prep.朝，朝向
mountain,n.山，山岳
world,n.世界
pour,v.倾倒
doubt,v.怀疑
forge,v.伪造
audit,v.审计
battery,n.电池
advocate,v.拥护，支持
arrange,v.安排
sniff,v.嗅，闻
leave,v.离开
elevate,v.提拔
impetus,n.动力，促进，刺激
surveillance,n.监视，监控
unfortunately,adv.不幸地，遗憾地
beef,n.牛肉
fruitful,adj.多产的
auction,n.拍卖
albeit,conj.尽管，虽然
salesperson,n.售货员
municipal,adj.市政的，地方政府的
overhead,adj.头顶上的
let,v.让，允许
conclusion,n.结论
disappoint,v.使失望
venue,n.举办场所，聚会地点
transmission,n.传送
poison,n.毒药
solidarity,n.团结
recognition,n.认出
seam,n.接缝
rob,v.盗窃
stairway,n.楼梯，阶梯
assign,v.分配
autumn,n.秋季，秋天
artistic,adj.艺术的
beauty,n.美丽
proof,n.证据
necessity,n.必需品
tutor,n.家庭教师
clerk,n.职员
pickup,n.改善
alternative,adj.可供替代的
core,n.果核
intuition,n.直觉
prepare,v.准备
brochure,n.小册子
college,n.大学
tired,adj.疲劳的，厌烦的
dock,n.码头
resolve,v.解决
axis,n.轴，轴线，轴心
imperative,n.重要紧急的事
spicy,adj.辛辣的
afternoon,n.下午
dash,n.猛冲
tunnel,n.隧道，地道，洞穴通道
drama,n.戏剧
slack,adj.松弛的
hamper,v.妨碍，阻碍
damage,n.损坏，伤害
cite,v.引用
drag,v.拖拽
rotate,v.（使）旋转
fade,v.褪色
chop,n.砍，劈
blog,n.博客
potato,n.土豆
sake,n.缘故
removal,n.移动
surroundings,n.周围的事物，环境
jail,n.监狱
communicate,v.交流，沟通
sky,n.天空
eligible,adj.有资格的
module,n.单元
pistol,n.手枪
string,n.绳，线
plead,v.恳求
branch,n.树枝
govern,v.统治
motel,n.汽车旅馆
objection,n.反对
enhance,v.提高
comb,n.梳子
cry,n.哭
operate,v.运转，工作
hole,n.孔，洞
attractive,adj.吸引人的
route,n.道路
assistant,n.助手
camera,n.照相机，摄影机
distort,v.扭曲
eloquent,adj.有说服力的
pose,v.造成（问题）
January,n.一月
oval,adj.椭圆形的
symptom,n.症状
jazz,n.爵士乐
invalid,adj.无效的，不受法律承认的
bounce,v.弹跳，跳动
wait,n.等待
voltage,n.电压
sneeze,v.打喷嚏
skirt,n.裙子
play,v.玩
balloon,v.膨胀
edit,v.编辑
educate,v.教育
ray,n.光线
lip,n.嘴唇
tiresome,adj.令人厌烦的，讨厌的
sacrifice,n.牺牲
get,v.得到
torch,n.火炬
verb,n.动词
cabin,n.小木屋
chew,v.咀嚼
engage,v.吸引
spit,v.吐
outer,adj.外表的
altitude,n.海拔
subordinate,adj.隶属的
issue,n.议题
of,prep.属于
vast,adj.巨大的，广阔的，庞大的
federation,n.联邦
magnificent,adj.宏伟的，令人印象深刻的
acclaim,v.称赞
rational,adj.合理的
consensus,n.一致的意见，共识
tribe,n.部落
foot,n.脚，足
connect,v.连接
clone,v.无性繁殖，克隆
teacher,n.教师
soar,v.暴涨
meditation,n.沉思，冥想
volcano,n.火山
pipe,n.管道
saturate,v.使浸透，渗透
Thanksgiving,n.感恩节
brisk,adj.轻快的
straw,n.稻草，麦秆
birthday,n.生日
midst,n.中央，中部，当中
observe,v.注意到
dialog,n.对话，对白
distribute,v.分发
alcohol,n.酒
progress,n.进展
overcoat,n.长大衣，厚外套
tall,adj.高的
explain,v.解释，说明
senate,n.参议院
settle,v.解决
ribbon,n.带子，带状物
purse,n.钱包
shirt,n.衬衫
ground,n.地面，土地
fiscal,adj.财政的
dynasty,n.王朝，朝代
conscience,n.良心，良知
flatter,v.奉承
portray,v.描绘
heroin,n.海洛因
yes,int.是的，好
woman,n.女性，妇女
picture,n.图画
recreation,n.消遣，娱乐
compose,v.组成
transistor,n.晶体管
relish,v.享受，从…获得乐趣
reputation,n.名声，名誉
them,pron.他们，她们，它们
more,det.更多的
degree,n.度
danger,n.危险
stock,n.库存
speak,v.说话
readily,adv.便利地
expose,v.暴露
profit,n.利润
hold,v.拿着
steep,adj.险峻的
passion,n.激情
steel,n.钢
recite,v.背诵，朗诵
sophisticated,adj.精密的
deter,v.阻止，制止，威慑
stranger,n.陌生人
fight,v.打仗
spoon,n.勺，匙
riddle,n.谜语
fulfill,v.完成
stoop,v.弯腰，俯身
calculate,v.计算
torrent,n.急流，湍流
sigh,v.叹气
shame,n.羞耻
fluent,adj.流利的，流畅的
coward,n.懦夫，胆小鬼
interference,n.干涉，介入
aviation,n.航空（业）
venture,v.冒险去
land,n.土地
striking,adj.引人注目的，显著的
overhaul,v.彻底检修
lately,adv.最近，近来
volatile,adj.易变的，不稳定的
vulnerable,adj.易受伤害的，脆弱的
favorable,adj.有利的
comparative,adj.比较的
pea,n.豌豆
acknowledge,v.承认
exterior,n.外部
surpass,v.超过，强过
trade,n.贸易
milk,n.奶，乳汁
tourist,n.游客，观光者
pasture,v.放牧
tribute,n.致敬
servant,n.仆人
late,adj.迟到的
criminal,adj.犯罪的
ashamed,adj.羞耻的，惭愧的
absence,n.缺席
housewife,n.家庭主妇
write,v.书写
extraordinary,adj.非凡的
chill,v.使寒冷
political,adj.政治的
verify,v.核实，证明
fisherman,n.渔夫
capsule,n.胶囊
intense,adj.强烈的，剧烈的
hotel,n.宾馆，酒店
drawing,n.图画
car,n.小汽车
plumber,n.管道工
synthetic,adj.合成的，人造的
preface,n.前言，序
treaty,n.条约，协定
next,adj.下一个的，紧接着的
recycle,v.回收利用
banquet,n.宴会，盛宴
integrate,v.合并
vocal,adj.嗓音的
batch,n.一批，一组，一群
hour,n.小时
nut,n.坚果
desperate,adj.绝望的，孤注一掷的
emigrate,v.移居，移民
pathetic,adj.可怜的
detective,n.侦探
kite,n.风筝
specialist,n.专家
tolerate,v.忍受
glue,n.胶，胶水
cop,n.警察
absent,adj.缺席的
legislation,n.立法
sport,n.体育运动
employ,v.雇用
climate,n.气候
criticize,v.批评
assure,v.保证
newspaper,n.报纸
considerable,adj.相当大的，相当多的
awful,adj.糟糕的
whale,n.鲸
collide,v.碰撞
doctor,n.医生
tank,n.罐，箱
variance,n.变化幅度，差额
customer,n.顾客
race,n.种族
ozone,n.臭氧
foster,v.促进
cab,n.出租车
elite,n.上层集团
command,n.命令
gigantic,adj.巨大的，庞大的
correspondent,n.记者，通讯员
geography,n.地理学
marginal,adj.不重要的
resistance,n.反抗
genius,n.天赋
comedy,n.喜剧
memorandum,n.备忘录
preside,v.掌管
plastic,adj.塑料制的
nest,n.鸟巢，巢穴
magnetic,adj.有磁性的
tooth,n.牙齿
sweet,adj.甜的
this,det.这，这个
costly,adj.昂贵的
mechanical,adj.机械的
chaos,n.混乱，紊乱
terminal,n.终点站
index,n.索引
extravagant,adj.过于昂贵的
rage,n.风靡一时
lower,adj.较小的
Mercury,n.水星
neighbor,n.邻居
training,n.训练，培训，锻炼
forbid,v.禁止
liquor,n.烈性酒
hygiene,n.卫生，保健
quantity,n.数量
camel,n.骆驼
who,pron.谁
kidney,n.肾脏
elbow,v.用肘推挤
another,det.又一
broom,n.扫帚
ski,n.滑雪板
source,n.来源
affiliate,v.使隶属
query,n.疑问，询问
meadow,n.草地
worker,n.工人，雇员
chart,n.图表
Thursday,n.星期四
vitamin,n.维生素
arise,v.出现，发生
catastrophe,n.重大灾难，横祸
patient,n.病人
workshop,n.研讨会
forget,v.忘记
bold,adj.大胆的
eastern,adj.东方的
tour,n.旅游
creature,n.生物
liver,n.肝脏
naughty,adj.顽皮的，淘气的
win,v.获胜
leading,adj.最重要的
word,n.单词，字
vision,n.视力
sing,v.唱（歌）
curriculum,n.全部课程
presently,adv.目前，现在
universe,n.宇宙
mankind,n.人类
August,n.八月
stance,n.观点，立场
weary,adj.疲劳的
whisky,n.威士忌
bizarre,adj.奇异的，怪诞的
arithmetic,n.算术
equip,v.配备，装备
consult,v.请教，咨询
pant,v.气喘，喘息
suggest,v.建议
put,v.放置
sparkle,v.闪烁
annual,adj.全年的
grace,n.优雅
moisture,n.潮湿，湿气，湿度
petition,n.请愿书
nickname,n.绰号
Marxist,n.马克思主义者
resolute,adj.坚决的
suspect,v.怀疑，推测
commonplace,adj.平凡的，普通的
view,n.看法
however,adv.然而
hate,n.憎恨，厌恶
delegate,v.选派（某人做某事）
basket,n.篮子，筐
unfold,v.展开，打开
bail,n.保释（金）
diplomatic,adj.外交的
flesh,n.肉
wolf,n.狼
flu,n.流行性感冒
loyal,adj.忠诚的，忠贞的
condense,v.压缩
clue,n.线索，提示
mosaic,n.马赛克，镶嵌画
fluctuate,v.波动
diet,n.日常饮食
mislead,v.误导，使误入歧途
drug,n.药物
mask,n.面具，面罩，口罩
sew,v.缝纫
trap,n.陷阱，圈套
thoughtful,adj.沉思的
share,v.分享
infect,v.感染，传染
loop,n.环，圈
uneasy,adj.不和谐的
consultant,n.顾问
origin,n.起源
constrain,v.限制，约束
protein,n.蛋白质
nasty,adj.下流的
fine,adj.美好的
dynamic,adj.精力充沛的
rural,adj.乡村的
moderate,adj.温和的
drain,v.排水
chairperson,n.主席
wool,n.绒，毛
period,n.一段时间
standpoint,n.立场
wardrobe,n.衣柜，衣橱
pilgrim,n.朝圣者
amount,n.数量
pneumonia,n.肺炎
practitioner,n.从业者
terrify,v.使恐惧，使害怕
god,n.上帝，天主
serial,adj.连续的
account,v.认为是，视为
print,v.印刷
regard,n.关注
vertical,adj.垂直的
proficiency,n.熟练，精通
remove,v.移开
song,n.歌曲
participate,v.参与，参加
goods,n.商品
trace,v.追踪
philosopher,n.哲学家
primitive,adj.远古的
enemy,n.敌人，反对者
emphasis,n.强调
worry,n.担心
worthy,adj.值得尊敬的
differentiate,v.区分，辨别
spectacular,adj.壮观的，令人惊叹的
allowance,n.津贴
TV,n.电视
distract,v.使分心
portable,adj.便携的，手提的
triangle,n.三角形
earnest,adj.诚实的，真诚的
orphan,n.孤儿
spokesman,n.（男）发言人
waken,v.醒来
pinch,v.拧，掐
immense,adj.巨大的，广大的
salary,n.薪水
delight,n.愉快
quality,n.质量
whatsoever,adv.任何，无论什么
aside,adv.在一边
precision,n.精确（性）
hall,n.门厅
step,n.脚步
stumble,v.绊脚，踉跄
enquire,v.询问，打听
common,adj.常见的，普遍的
hip,n.臀部，髋部
guard,n.保卫
fatigue,n.疲惫
story,n.故事
radius,n.半径
dinosaur,n.恐龙
month,n.月，月份
aluminum,n.铝
meanwhile,adv.与此同时
awkward,adj.尴尬的
compact,adj.小型的
penny,n.便士
back,n.背
increasingly,adv.不断增加地，日益
gossip,n.流言蜚语
resign,v.辞职
destination,n.目的地，终点
game,n.游戏
attack,v.进攻，攻击
border,n.国界，边界
stove,n.炉子，火炉
cousin,n.堂 (表) 兄弟姐妹
emerge,v.出现
cabinet,n.橱柜
impressive,adj.给人深刻印象的
discreet,adj.谨慎的
signal,n.信号，暗号
halt,v.停止
police,n.警察
pedestrian,adj.行人的
bullet,n.子弹
paradox,n.悖论
hence,adv.因此，由此
contaminate,v.弄脏，污染
stare,n.凝视
fruit,n.水果
government,n.政府
instrument,n.仪器
pursuit,n.追求
erroneous,adj.错误的
various,adj.各种各样的，不同的
entry,n.进入
prejudice,n.偏见，成见
iron,adj.坚强的，强硬坚定的
competent,adj.胜任的
declare,v.宣布，宣称
smog,n.雾霾，烟雾
blossom,n.花
advise,v.建议
baby,n.婴儿，幼崽
acceptance,n.接受
belief,n.相信
break,n.休息
sustain,v.保持
orange,n.橙子，柑橘
obesity,n.肥胖症
blush,v.脸红
incident,n.事件
solo,n.独唱（奏）
fluid,n.流体，液体
neighborhood,n.社区，街坊邻居
rat,n.老鼠
all,det.所有
bargain,n.特价商品
collection,n.收藏品
compatible,adj.兼容的
conservative,adj.保守的
summary,n.总结
troublesome,adj.令人烦恼的，麻烦的
liner,n.邮轮
dwelling,n.住宅，寓所
verse,n.诗
attain,v.获得
economics,n.经济学
plan,n.计划
drive,v.驾驶
investigate,v.调查，侦查，研究
scrutiny,n.仔细检查，认真审查
export,v.出口
model,n.模型
lantern,n.提灯，灯笼
torture,v.拷问，拷打
gentleman,n.绅士
retain,v.保持，保留
eventually,adv.终于，最后
inspire,v.激励，鼓舞
memory,n.记忆力
ice cream,phrase.冰激凌
jacket,n.夹克衫
peninsula,n.半岛
salute,v.敬礼
denote,v.象征，预示
starve,v.挨饿
local,adj.当地的，地方的
cord,n.粗线，细绳
continual,adj.连续的
slim,adj.苗条的
gradual,adj.逐渐的
grade,n.级别
ninety,num.九十
appraisal,n.估计
field,n.田
crazy,adj.疯狂的
hurt,adj.受伤的
management,n.管理
wary,adj.小心的，谨慎的
splash,v.泼洒
moreover,adv.此外，而且
warrant,v.使有必要
vivid,adj.清晰的，生动的
drown,v.淹没
prose,n.散文
cast,v.投，抛
row,n.一行，一排
physical,adj.身体的
expectation,n.预期
anniversary,n.周年纪念日
conform,v.遵守
oxygen,n.氧气
loyalty,n.忠诚，忠心
minimize,v.使减少到最低程度
already,adv.已经
tempt,v.引诱，诱惑
astronaut,n.宇航员
refute,v.反驳
purpose,n.目的，用途
basic,adj.根本的
exclaim,v.呼喊，惊叫
letter,n.信
major,adj.主要的，重要的
white,adj.白色的
fear,n.害怕
mere,adj.仅仅，只不过
telescope,n.望远镜
quiz,n.小测验
levy,n.税款
dilute,v.稀释
crisp,adj.酥脆的
signify,v.意味着
deputy,n.副手
attorney,n.律师
fantasy,n.幻想（作品）
browse,v.浏览
which,pron.哪个，哪些，那些
discriminate,v.区别
accent,n.重音
biscuit,n.饼干
toss,v.扔，抛，掷
mind,n.头脑
prevail,v.流行
air,n.空气
example,n.例子
maneuver,n.策略
wax,n.蜡
parliament,n.议会，国会
monitor,n.班长
statistics,n.统计数据
wherever,adv.究竟在哪儿
rush,v.迅速移动
sad,adj.悲哀的
forest,n.森林
simultaneous,adj.同时发生的，同步的
sock,n.短袜
reign,n.统治期，任期
never,adv.从未，从不，绝不
sign,n.迹象
refrain,v.克制
decree,n.法令，政令
cross,adj.愤怒的，生气的
diploma,n.毕业文凭，学位证书
belong,v.应在（某处）
devil,n.魔鬼，恶魔
depress,v.使沮丧
rectangle,n.长方形，矩形
barber,n.理发师
hair,n.毛发，尤指头发
omit,v.省略，遗漏
difficult,adj.困难的
today,adv.现在，当今
weep,v.流泪，哭泣
carrier,n.病菌携带者
enlighten,v.启发
quota,n.定额，指标
fabricate,v.捏造
magic,n.魔法
monotonous,adj.单调乏味的，无变化的
horrible,adj.可怕的
exert,v.运用
shelter,n.住处
event,n.事件
roar,v.咆哮
violet,n.紫罗兰
overall,adj.全面的，综合的，总体的
conservation,n.节约
historical,adj.历史的，有关历史的
short,adj.短的
cassette,n.盒式磁带
comet,n.彗星
expend,v.消费
throne,n.宝座
summarize,v.概括，总结
society,n.社会
pole,n.杆子
bare,adj.赤裸的
suburb,n.市郊，郊区
bundle,n.捆，包，扎
verdict,n.裁决，判决
goose,n.鹅
nephew,n.侄子，外甥
fool,adj.傻的
stagger,v.蹒跚
utter,adj.完全的，彻底的
beside,prep.在…旁边
underestimate,v.低估，轻视
planet,n.行星
precaution,n.预防措施
insist,v.坚持，坚决要求
triple,v.使增至三倍，使成三倍
pardon,int.抱歉
sunshine,n.阳光，日照
haul,v.拖，拉
read,v.阅读
listen,v.听，倾听
mobilize,v.调动
dizzy,adj.头晕目眩的
happen,v.发生，出现
reasonable,adj.明智的
feast,n.盛宴
trash,n.垃圾，废物
await,v.等待
cafe,n.咖啡馆
imaginary,adj.想象的，虚构的
accordingly,adv.因此，从而
invasion,n.入侵
faculty,n.天赋
dioxide,n.二氧化物
phrase,n.短语
automatic,adj.自动的
fracture,v.断裂
complicate,v.使复杂化
fault,n.故障
inn,n.小旅馆，小酒馆
growth,n.生长
helicopter,n.直升机
nerve,n.神经
Tuesday,n.星期二
descendant,n.后裔，后代
staircase,n.楼梯
engineering,n.工程（学）
inhabit,v.居住在，栖息在
enthusiasm,n.热情
she,pron.她
see,v.看
frontier,n.边境，边界
pause,v.停顿
fox,n.狐狸
hike,v.远足，徒步旅行
cave,n.洞穴
cloak,v.遮盖
cream,n.奶油
coupon,n.优惠券，礼券
fellowship,n.协会
drink,v.喝
chimney,n.烟囱
span,n.持续时间
shoulder,n.肩膀
site,n.地点
beam,n.光线，光束
undergo,v.经历，经受，遭受
fifty,num.五十
cheat,v.欺骗
convey,v.表达，传递
develop,v.发展
shock,n.震惊
jargon,n.行话，术语
routine,n.惯例
present,adj.目前的
deduce,v.推论，推断，演绎
outing,n.郊游，短途旅行
thief,n.小偷
lively,adj.充满活力的，活泼的
stand,v.站立
disturbance,n.干扰
remnant,n.剩余部分
graze,v.放牧
professor,n.教授
temporary,adj.暂时的，临时的
visit,v.拜访，参观
above,adv.在…上面
ancient,adj.古代的
clip,v.修剪
trunk,n.树干
outcome,n.结果，效果
sanction,n.制裁
blouse,n.（女式）衬衫
simple,adj.简单的
sketch,n.草图，素描
intermittent,adj.间歇的，断断续续的
interior,adj.内部的，里面的
violate,v.违反
skyscraper,n.摩天大楼
allege,v.断言
include,v.包括
island,n.岛
copyright,n.版权
come,v.来
unity,n.团结，统一
jewelry,n.珠宝，首饰
robe,n.长袍
court,n.法庭
cell,n.细胞
fasten,v.系牢
condemn,v.谴责
circuit,n.环行
irritate,v.激怒，使烦恼
predict,v.预言，预告
sugar,n.糖
cold,adj.冷的
beloved,adj.钟爱的
spouse,n.配偶
messenger,n.信使，通信员
minor,adj.较小的，轻微的，次要的
folk,n.人们
afterward,adv.之后，后来
castle,n.城堡
silk,n.丝，丝绸
acute,adj.严重的
contribute,v.捐赠
invention,n.发明
fourteen,num.十四
sociable,adj.喜欢交际的
horse,n.马
initiative,n.倡议
entire,adj.全部的，整个的
if,conj.如果
electrical,adj.电的
become,v.变成
software,n.软件
safe,adj.安全的
accountant,n.会计
collision,n.碰撞
forecast,n.预报，预测
military,adj.军事的，军队的，军用的
selection,n.选择
detector,n.探测器
bandage,n.绷带
authentic,adj.真正的
mad,adj.发疯的
kilometre,n.千米，公里
brake,n.刹车
Christ,n.基督，耶稣
ultimate,adj.最终的，终极的
interim,n.过渡期，中间期
team,n.队，小组
navigation,n.航行
feel,linkv.觉得，感到
headmaster,n.校长
national,adj.国家的，民族的
bet,v.赌博，下赌注
ultraviolet,adj.紫外线的，利用紫外线的
repertoire,n.全部剧目
supreme,adj.至高无上的
ham,n.火腿
antique,n.古物，古董
slice,n.薄片
paddle,n.船桨
rail,n.铁轨
incredible,adj.难以置信的
personal,adj.个人的
kilogram,n.千克，公斤
energetic,adj.精力充沛的
queer,adj.异常的
chemist,n.化学家
deny,v.否认
spill,v.洒出，溢出
wine,n.葡萄酒，果酒
country,n.国家
thirteen,num.十三
boycott,v.抵制
cautious,adj.小心的，谨慎的
curiosity,n.好奇心
pillar,n.柱子
register,v.登记，注册
explode,v.爆炸
certain,adj.确定的
image,n.形象
futile,adj.徒劳的
tumble,v.摔倒
hello,int.你好，您好
bulb,n.电灯泡
contact,n.接触
efficiency,n.效率
trip,n.旅游，出行
eager,adj.渴望的，热切的
corridor,n.走廊，过道
dictionary,n.词典
lawn,n.草地，草坪
appoint,v.任命，委派
without,adv.没有，缺乏
equation,n.方程式
invade,v.侵略
those,det.那些
feature,n.特征
zero,n.零
throw,v.扔，抛
conspiracy,n.密谋，阴谋
ditch,v.抛弃，丢弃
execute,v.处决
postman,n.邮递员
studio,n.演播室
hitherto,adv.到目前为止，迄今
pound,n.英镑
foremost,adj.最重要的
pork,n.猪肉
napkin,n.餐巾，餐巾纸
embark,v.上船，登机
nonsense,n.毫无意义的话
shape,n.形状
sixty,num.六十
likely,adj.可能的
add,v.增加
philosophy,n.哲学（体系）
receive,v.收到
thrust,v.猛推，挤
bury,v.埋葬
trolley,n.手推车
speciality,n.特产
clash,n.冲突
cough,n.咳嗽
stupid,adj.笨的，傻的
grape,n.葡萄
puppet,n.木偶
advent,n.来临，到来
vote,n.选票
glance,n.一瞥，扫视
upper,adj.上面的
owing to,phrase.由于，因为
think,v.认为
millionaire,n.百万富翁
forgive,v.原谅
slap,v.掌掴
chase,v.追逐
associate,v.联想，联系
indulge,v.沉溺于
contrast,n.差异，差别
minute,adj.极小的
dip,v.浸，蘸
fix,v.修理
stride,v.大步走
retreat,v.撤退
lady,n.女士，夫人
excessive,adj.过多的
pest,n.害虫
deteriorate,v.恶化，变坏
able,adj.能…的
northern,adj.北方的，向北的
eternal,adj.永恒的
great,adj.大的
mouth,n.嘴
say,v.说，表达
hear,v.听见
infinite,adj.无限的，无穷的
manager,n.经理
public,adj.大众的
cinema,n.电影院
thing,n.东西，事物
grey,adj.灰色的
cure,v.治愈
cock,n.公鸡
graceful,adj.优美的，文雅的
prosperity,n.繁荣，兴旺
name,n.名字，名称
protest,v.抗议，反对
pop,n.流行音乐
block,n.大块
herself,pron.她自己
intercourse,n.性交
viable,adj.可行的，可实施的
slow,adj.缓慢的
range,n.一系列
rotten,adj.腐烂的
march,n.示威游行
innumerable,adj.数不清的
many,adj.许多的，大量的
occur,v.发生，出现
stack,n.一叠
advanced,adj.先进的
continue,v.继续
presume,v.推测
to,prep.向，朝
ton,n.吨
mud,n.泥，烂泥，泥浆
blunt,adj.率直的
fuel,n.燃料
generate,v.生成，产生（能量）
project,n.项目，工程
practice,n.练习
deplore,v.强烈反对，谴责
move,v.移动
cake,n.蛋糕
spring,n.春天
siren,n.汽笛
scope,n.范围
bay,n.湾，海湾
capture,v.捕获
implicit,adj.含蓄的
mineral,n.矿物，矿物质，矿产
agitate,v.激怒，使不安
strong,adj.强的
mob,n.暴民
retort,v.反驳
freeze,v.冻结，结冰
maximum,adj.最大数量的，最大极限的
clutch,v.紧握，突然抓住
interrupt,v.插嘴，打断
lofty,adj.高耸的
breakdown,n.故障
sentiment,n.情绪
early,adj.早期的
spokeswoman,n.女发言人
accordance,n.按照，依据
summon,v.传唤
consumption,n.消耗
herald,v.是…的前兆
dazzle,v.使眼花，使目眩
asleep,adj.睡着的
prone,adj.易于遭受…的
behalf,n.代表
these,det.这些
prophet,n.预言者
award,n.奖金，奖品
about,adj.即将…的
emotion,n.感情
psychology,n.心理（学）
envy,v.羡慕
queue,n.行列，队列
miserable,adj.痛苦的
magistrate,n.地方执法官
transcend,v.超出，超越
capable,adj.有才干的
pass,n.及格
investment,n.投资
steam,n.蒸气
cradle,n.摇篮
stab,v.刺，戳
politician,n.政治家，政客
occurrence,n.发生的事，事件
spiral,adj.螺旋形的
betray,v.泄密
tan,v.晒黑
strand,n.股，缕
ghost,n.鬼魂，幽灵
context,n.背景，环境
plight,n.困境，苦境
solution,n.解决方案
fierce,adj.凶猛的
six,num.六
casual,adj.随意的
poultry,n.家禽
X-ray,n.X射线，X光
tremble,v.颤抖，战栗
passenger,n.旅客，乘客
arrogant,adj.傲慢的，自大的
programme,n.计划
patron,n.赞助人
treat,n.款待
swing,v.摇摆
initiate,v.开始
hen,n.母鸡
mine,n.矿，矿井
awake,adj.醒着的
radioactive,adj.放射性的
identification,n.辨认
restrain,v.抑制
fire,n.火，火灾
till,conj.直到…为止，在…之前
hemisphere,n.（地球的）半球
eject,v.逐出
classification,n.分类，类别
opportunity,n.机会，时机
beach,n.海滩，湖滨
curse,v.诅咒，咒骂
thought,n.想法
rice,n.大米，稻米
outskirts,n.郊区
circulate,v.流通，循环
grasp,v.抓紧
student,n.学生
barrier,n.障碍
tape,n.磁带，录音带
spacecraft,n.宇宙飞船
microphone,n.话筒，麦克风
sculpture,n.雕像（作品）
fringe,n.流苏
lobby,n.门厅
certificate,n.证明，证书
mysterious,adj.神秘的
brow,n.额头
supply,n.补给
gallon,n.加仑
weekday,n.工作日
premise,n.前提
among,prep.在…当中
note,n.笔记
rim,n.边沿
cease,v.停止
tentative,adj.暂定的
nylon,n.尼龙
thread,n.线
marry,v.结婚
deserve,v.应得，值得
mist,n.薄雾，水汽
oak,n.栎树，橡树
pepper,n.胡椒粉
incorporate,v.包含，合并
premier,adj.首要的
ruin,v.毁灭，毁坏
full,adj.满的
energy,n.活力
essential,adj.必不可少的
luggage,n.行李
lunch,n.午餐
spine,n.脊柱
dense,adj.密集的
distinct,adj.清晰的，明显的
hint,n.暗示，提示
holy,adj.神圣的
childhood,n.童年
caution,v.警告，提醒
imaginative,adj.有想象力的，有独创性的
desk,n.书桌
absorb,v.吸收
robust,adj.强健的
resent,v.愤恨，憎恶
money,n.钱
reason,n.理由
design,n.设计
wealthy,adj.富有的
language,n.语言
empirical,adj.经验主义的
outline,n.提纲，梗概
icon,n.图标
nod,n.点头
dean,n.院长，系主任
geology,n.地质学
hound,n.猎犬
clothing,n.服装
consistent,adj.持续的
singular,adj.单数的
appear,v.似乎
normal,adj.正常的
aggravate,v.加剧，使恶化
commerce,n.贸易
aisle,n.过道，通道
lag,v.落后，滞后，缓慢移动
guitar,n.吉他
post,v.邮寄
vicious,adj.残酷的
trust,n.相信，信赖
deploy,v.部署，调度
contradict,v.反驳
its,pron.它的
column,n.柱，柱状物
propel,v.推动
order,n.顺序
interact,v.相互沟通
taste,n.味道
eyebrow,n.眉毛
false,adj.错误的
pulse,n.脉搏
weed,n.杂草，野草
effect,n.影响
float,v.浮动
cosmic,adj.宇宙的
chat,v.聊天，闲聊
noise,n.噪音
walk,n.步行，散步
inform,v.通知
cattle,n.牛
wallet,n.钱包
direct,adj.直接的
compute,v.估计
safety,n.安全（场所）
homogeneous,adj.同种类的，由相同事物组成的
reckless,adj.鲁莽的，不计后果的
metal,n.金属
catalog,n.目录
number,n.数字
essence,n.本质，精髓
awe,n.敬畏，惊叹
guide,n.指南，手册
reception,n.接待区
host,n.主人
bicycle,n.自行车
professional,adj.职业的
now,adv.现在，目前
electrician,n.电工，电气技师
solid,adj.固体的
gate,n.大门
elect,v.选举
skeleton,n.骨骼
reduction,n.减少
light,n.光
gracious,adj.和蔼慈祥的
card,n.卡片
precious,adj.珍奇的
lemon,n.柠檬
selfish,adj.自私的
journal,n.期刊，报纸
literally,adv.字面上地
drop,v.（使）落下
ownership,n.所有权
coil,v.缠绕，盘绕
sight,n.看见
handbook,n.手册，指南
translate,v.翻译
foresee,v.预见，预知
use,v.使用，利用
peasant,n.农民
pleasure,n.快乐
industrialize,v.工业化
option,n.选择（权）
threshold,n.门槛
tile,n.瓷砖，地砖，瓦片
absolute,adj.完全的
graphic,adj.绘画的
beneficial,adj.有益的，有利的
exploit,v.利用
sixteen,num.十六
bottle,n.瓶子
locker,n.储物柜，寄存柜
saucer,n.茶托
sympathetic,adj.同情的
resume,v.重新开始
stadium,n.露天体育场
obsolete,adj.已过时的，废弃的
democratic,adj.民主的
die,v.死亡，凋谢
hand,n.手
help,n.帮助
ounce,n.盎司
inevitable,adj.必然发生的，不可避免的
statute,n.法令，章程
flour,n.面粉
scent,n.气味
conspicuous,adj.惹人注目的，显眼的
sure,adj.确信的
finish,n.结尾
robot,n.机器人
silver,n.银
illuminate,v.照亮
hypothesis,n.假设，假说
champion,n.冠军
merely,adv.仅仅，只不过
static,adj.静止的
transparent,adj.透明的
worship,n.崇拜
aspect,n.方面
democracy,n.民主
oil,n.石油
numerical,adj.数字的
mentor,n.导师，顾问
helpful,adj.有帮助的
ancestor,n.祖先
diagnose,v.诊断（疾病）
bulk,n.主体
staff,n.全体职员
spaceship,n.宇宙飞船
knife,n.刀
postcard,n.明信片
code,n.密码
profession,n.职业
evade,v.逃脱
hot,adj.热的
glitter,v.闪耀
bill,n.法案
deadly,adj.致命的
opposite,adj.对面的，另一边的
bait,n.鱼饵
poverty,n.贫困
meeting,n.会议
quest,n.探求
masterpiece,n.杰作，代表作
swamp,n.沼泽
revise,v.修改，修订
stubborn,adj.固执的
spokesperson,n.发言人
symbol,n.象征，标志
fare,n.车费，票价
companion,n.伴侣
anywhere,adv.在任何地方
compass,n.指南针，罗盘
allocate,v.分配，分派
plenty,det.很多，大量
